Timestamp,Epoch,s,u,v
20200220-114436.436114,0,[1.7321972 1.0024151],"[[ 0.4063605  -0.70597863]
 [ 0.8204586   0.00252607]
 [ 0.40214297  0.70822877]]","[[ 0.70853376 -0.705677  ]
 [ 0.705677    0.70853376]]"
20200220-114436.436114,1,[1.732462  1.0048416],"[[ 4.0025854e-01  7.0712739e-01]
 [ 8.2433116e-01  4.8607588e-05]
 [ 4.0033874e-01 -7.0708603e-01]]","[[ 0.70707697  0.7071366 ]
 [ 0.7071366  -0.70707697]]"
20200220-114436.436114,2,[1.7276602 1.0073495],"[[ 3.9599392e-01 -7.0709103e-01]
 [ 8.2851171e-01  4.3541193e-05]
 [ 3.9592546e-01  7.0712233e-01]]","[[ 0.7071344 -0.7070791]
 [ 0.7070791  0.7071344]]"
20200220-114436.436114,3,[1.7334502 1.0097214],"[[ 3.9259744e-01 -7.0707285e-01]
 [ 8.3177578e-01  9.4026327e-05]
 [ 3.9244917e-01  7.0714056e-01]]","[[ 0.70716333 -0.70705014]
 [ 0.70705014  0.70716333]]"
20200220-114436.436114,4,[1.734079  1.0121557],"[[ 0.390765   -0.70604646]
 [ 0.83536357  0.0025298 ]
 [ 0.386614    0.70816094]]","[[ 0.7085212  -0.70568955]
 [ 0.70568955  0.7085212 ]]"
20200220-114436.436114,5,[1.7399564 1.0145285],"[[ 0.38735253 -0.7060933 ]
 [ 0.83845043  0.0024446 ]
 [ 0.38335225  0.70811456]]","[[ 0.7084651 -0.7057458]
 [ 0.7057458  0.7084651]]"
20200220-114436.436114,6,[1.7356602 1.0170524],"[[ 0.38320243 -0.7060797 ]
 [ 0.84228736  0.00252733]
 [ 0.37908813  0.70812774]]","[[ 0.70851344 -0.7056973 ]
 [ 0.7056973   0.70851344]]"
20200220-114436.436114,7,[1.736641  1.0194981],"[[ 0.3816672  -0.70501256]
 [ 0.84560525  0.00521821]
 [ 0.37320486  0.7091756 ]]","[[ 0.7099993  -0.70420235]
 [ 0.70420235  0.7099993 ]]"
20200220-114436.436114,8,[1.7376883 1.0219678],"[[ 0.37574106 -0.7061493 ]
 [ 0.84886247  0.00242445]
 [ 0.37182128  0.7080588 ]]","[[ 0.70844364 -0.7057674 ]
 [ 0.7057674   0.70844364]]"
20200220-114436.436114,9,[1.7338861 1.0245184],"[[ 0.3717062  -0.70613563]
 [ 0.8524399   0.00250864]
 [ 0.36766952  0.70807236]]","[[ 0.7084929  -0.70571804]
 [ 0.70571804  0.7084929 ]]"
20200220-114436.436114,10,[1.7302947 1.0270827],"[[ 0.3677147  -0.7061224 ]
 [ 0.85592616  0.00259322]
 [ 0.3635608   0.70808506]]","[[ 0.70854217 -0.70566845]
 [ 0.70566845  0.70854217]]"
20200220-114436.436114,11,[1.7380788 1.0296516],"[[ 0.36444563 -0.7061094 ]
 [ 0.85874707  0.00267017]
 [ 0.3601842   0.70809776]]","[[ 0.7085741 -0.7056364]
 [ 0.7056364  0.7085741]]"
20200220-114436.436114,12,[1.7395966 1.0321268],"[[ 0.3632035  -0.7050742 ]
 [ 0.86164844  0.00548956]
 [ 0.35446486  0.7091123 ]]","[[ 0.7101172 -0.7040835]
 [ 0.7040835  0.7101172]]"
20200220-114436.436114,13,[1.7460334 1.0345376],"[[ 0.36015916 -0.7051469 ]
 [ 0.8640729   0.00535294]
 [ 0.35165793  0.70904094]]","[[ 0.7100271  -0.70417434]
 [ 0.70417434  0.7100271 ]]"
20200220-114436.436114,14,[1.7428178 1.0371138],"[[ 0.35629404 -0.7051586 ]
 [ 0.86726046  0.00541404]
 [ 0.34772685  0.7090291 ]]","[[ 0.71006066 -0.70414054]
 [ 0.70414054  0.71006066]]"
20200220-114436.436114,15,[1.73979   1.0397046],"[[ 0.35231107 -0.70523846]
 [ 0.87036484  0.00525996]
 [ 0.3440087   0.70895064]]","[[ 0.70996636 -0.7042357 ]
 [ 0.7042357   0.70996636]]"
20200220-114436.436114,16,[1.7369441 1.042309 ],"[[ 0.34837517 -0.70531666]
 [ 0.8733866   0.00510359]
 [ 0.34033898  0.708874  ]]","[[ 0.70987093 -0.70433176]
 [ 0.70433176  0.70987093]]"
20200220-114436.436114,17,[1.7342755 1.0449271],"[[ 0.34448707 -0.7053933 ]
 [ 0.87632734  0.00494498]
 [ 0.3367184   0.708799  ]]","[[ 0.70977455 -0.704429  ]
 [ 0.704429    0.70977455]]"
20200220-114436.436114,18,[1.7364603 1.0474466],"[[ 0.3436002  -0.7044033 ]
 [ 0.87876886  0.00790927]
 [ 0.33121625  0.709756  ]]","[[ 0.7113837  -0.70280385]
 [ 0.70280385  0.7113837 ]]"
20200220-114436.436114,19,[1.738738  1.0499747],"[[ 0.3426097  -0.70348775]
 [ 0.881136    0.01069137]
 [ 0.3259111   0.7106271 ]]","[[ 0.71287787 -0.70128816]
 [ 0.70128816  0.71287787]]"
20200220-114436.436114,20,[1.7364126 1.0526175],"[[ 0.3387941  -0.7036093 ]
 [ 0.8838687   0.01046786]
 [ 0.32248175  0.7105098 ]]","[[ 0.7127431  -0.70142514]
 [ 0.70142514  0.7127431 ]]"
20200220-114436.436114,21,[1.738786  1.0552057],"[[ 0.33335322 -0.7046729 ]
 [ 0.8861605   0.00738648]
 [ 0.32186228  0.709494  ]]","[[ 0.7110589  -0.70313245]
 [ 0.70313245  0.7110589 ]]"
20200220-114436.436114,22,[1.7367003 1.057864 ],"[[ 0.329832   -0.70469904]
 [ 0.88875467  0.00742203]
 [ 0.31831747  0.7094675 ]]","[[ 0.71107775 -0.70311326]
 [ 0.70311326  0.71107775]]"
20200220-114436.436114,23,[1.7393194 1.0604242],"[[ 0.3290952  -0.7037995 ]
 [ 0.8908622   0.0103063 ]
 [ 0.3131467   0.71032387]]","[[ 0.71262646 -0.7015437 ]
 [ 0.7015437   0.71262646]]"
20200220-114436.436114,24,[1.7374506 1.0631021],"[[ 0.32545778 -0.7039142 ]
 [ 0.8933291   0.01007089]
 [ 0.30990368  0.7102136 ]]","[[ 0.71248674 -0.7016856 ]
 [ 0.7016856   0.71248674]]"
20200220-114436.436114,25,[1.7357241 1.0657908],"[[ 0.32204998 -0.7039603 ]
 [ 0.89572483  0.01007271]
 [ 0.3065305   0.7101679 ]]","[[ 0.7124861  -0.70168626]
 [ 0.70168626  0.7124861 ]]"
20200220-114436.436114,26,[1.7341316 1.068492 ],"[[ 0.31869268 -0.7040058 ]
 [ 0.89805305  0.01007318]
 [ 0.30320868  0.7101227 ]]","[[ 0.7124848 -0.7016875]
 [ 0.7016875  0.7124848]]"
20200220-114436.436114,27,[1.7326661 1.0712076],"[[ 0.31520432 -0.7041161 ]
 [ 0.90031826  0.00982779]
 [ 0.30012262  0.7100171 ]]","[[ 0.71234024 -0.7018343 ]
 [ 0.7018343   0.71234024]]"
20200220-114436.436114,28,[1.73572  1.073799],"[[ 0.3148896  -0.7032043 ]
 [ 0.90211403  0.01298466]
 [ 0.29501644  0.7108692 ]]","[[ 0.71403736 -0.70010763]
 [ 0.70010763  0.71403736]]"
20200220-114436.436114,29,[1.7386931 1.0764527],"[[ 0.30954993 -0.7042874 ]
 [ 0.9039435   0.00946659]
 [ 0.29506817  0.7098518 ]]","[[ 0.7121163  -0.70206153]
 [ 0.70206153  0.7121163 ]]"
20200220-114436.436114,30,[1.7460626 1.0789833],"[[ 0.30730164 -0.70437753]
 [ 0.9053222   0.00923848]
 [ 0.2931849   0.7097654 ]]","[[ 0.7119731 -0.7022067]
 [ 0.7022067  0.7119731]]"
20200220-114436.436114,31,[1.7448188 1.0817131],"[[ 0.30415916 -0.70441437]
 [ 0.90738595  0.00924268]
 [ 0.290065    0.7097286 ]]","[[ 0.7119753  -0.70220447]
 [ 0.70220447  0.7119753 ]]"
20200220-114436.436114,32,[1.7479788 1.0843188],"[[ 0.30404007 -0.7035275 ]
 [ 0.9090003   0.01245904]
 [ 0.28509304  0.71055883]]","[[ 0.7136989  -0.70045257]
 [ 0.70045257  0.7136989 ]]"
20200220-114436.436114,33,[1.7511921 1.0869324],"[[ 0.30379772 -0.7027072 ]
 [ 0.910561    0.01546079]
 [ 0.28033134  0.7113112 ]]","[[ 0.7152925 -0.6988252]
 [ 0.6988252  0.7152925]]"
20200220-114436.436114,34,[1.7501466 1.0896865],"[[ 0.30052537 -0.70285   ]
 [ 0.9124817   0.01512578]
 [ 0.27759928  0.71117705]]","[[ 0.71510005 -0.69902205]
 [ 0.69902205  0.71510005]]"
20200220-114436.436114,35,[1.7534522 1.0922891],"[[ 0.30047464 -0.70201457]
 [ 0.9139395   0.01828447]
 [ 0.27281767  0.71192783]]","[[ 0.71677977 -0.69729954]
 [ 0.69729954  0.71677977]]"
20200220-114436.436114,36,[1.7627435 1.0950514],"[[ 0.29797733 -0.7022066 ]
 [ 0.91525686  0.01776606]
 [ 0.27113545  0.7117516 ]]","[[ 0.71646464 -0.6976234 ]
 [ 0.6976234   0.71646464]]"
20200220-114436.436114,37,[1.76181   1.0978153],"[[ 0.29478943 -0.7023622 ]
 [ 0.9170503   0.01739082]
 [ 0.2685479   0.71160734]]","[[ 0.71625185 -0.6978419 ]
 [ 0.6978419   0.71625185]]"
20200220-114436.436114,38,[1.7609793 1.1005876],"[[ 0.29184014 -0.70245254]
 [ 0.91878796  0.01727316]
 [ 0.2658159   0.71152085]]","[[ 0.71618664 -0.6979088 ]
 [ 0.6979088   0.71618664]]"
20200220-114436.436114,39,[1.770345  1.1033654],"[[ 0.28949052 -0.70262897]
 [ 0.91998184  0.0167686 ]
 [ 0.2642514   0.71135885]]","[[ 0.7158827 -0.6982205]
 [ 0.6982205  0.7158827]]"
20200220-114436.436114,40,[1.7695738 1.1061417],"[[ 0.2866202  -0.70271343]
 [ 0.92164034  0.01665542]
 [ 0.26158774  0.7112782 ]]","[[ 0.71582085 -0.698284  ]
 [ 0.698284    0.71582085]]"
20200220-114436.436114,41,[1.7688868 1.1089325],"[[ 0.28360885 -0.7028545 ]
 [ 0.9232553   0.01628152]
 [ 0.2591638   0.71114725]]","[[ 0.71561027 -0.6984998 ]
 [ 0.6984998   0.71561027]]"
20200220-114436.436114,42,[1.7682909 1.1117316],"[[ 0.28083783 -0.7029332 ]
 [ 0.9248196   0.01617119]
 [ 0.25659108  0.711072  ]]","[[ 0.71555036 -0.69856113]
 [ 0.69856113  0.71555036]]"
20200220-114436.436114,43,[1.7716683 1.114455 ],"[[ 0.27593213 -0.70392334]
 [ 0.92607605  0.01236606]
 [ 0.25738025  0.7101682 ]]","[[ 0.71349424 -0.7006612 ]
 [ 0.7006612   0.71349424]]"
20200220-114436.436114,44,[1.7751945 1.1171119],"[[ 0.2763617  -0.7031203 ]
 [ 0.9271978   0.01571605]
 [ 0.25284052  0.7108972 ]]","[[ 0.71527416 -0.698844  ]
 [ 0.698844    0.71527416]]"
20200220-114436.436114,45,[1.782598  1.1197009],"[[ 0.27463937 -0.7032329 ]
 [ 0.92803055  0.01536328]
 [ 0.25165927  0.7107934 ]]","[[ 0.71505994 -0.69906306]
 [ 0.69906306  0.71505994]]"
20200220-114436.436114,46,[1.7821088 1.1225139],"[[ 0.27200854 -0.7033024 ]
 [ 0.9294655   0.01526093]
 [ 0.24920925  0.71072686]]","[[ 0.7150055 -0.6991188]
 [ 0.6991188  0.7150055]]"
20200220-114436.436114,47,[1.7855097 1.1252521],"[[ 0.26720917 -0.70425797]
 [ 0.93060654  0.01141247]
 [ 0.25014168  0.70985246]]","[[ 0.7129359 -0.7012292]
 [ 0.7012292  0.7129359]]"
20200220-114436.436114,48,[1.7890604 1.1279349],"[[ 0.26767302 -0.7035114 ]
 [ 0.9316188   0.01463309]
 [ 0.24584115  0.71053344]]","[[ 0.71464014 -0.69949234]
 [ 0.69949234  0.71464014]]"
20200220-114436.436114,49,[1.7886889 1.1307656],"[[ 0.26515704 -0.7035737 ]
 [ 0.9329543   0.01453805]
 [ 0.24349134  0.71047354]]","[[ 0.71459025 -0.69954324]
 [ 0.69954324  0.71459025]]"
20200220-114436.436114,50,[1.7922693 1.1334407],"[[ 0.2655928  -0.7028688 ]
 [ 0.9339019   0.01764226]
 [ 0.23934832  0.7111007 ]]","[[ 0.7162275 -0.6978669]
 [ 0.6978669  0.7162275]]"
20200220-114436.436114,51,[1.799462  1.1361164],"[[ 0.25897658 -0.70458055]
 [ 0.93468785  0.0103761 ]
 [ 0.2434948   0.7095483 ]]","[[ 0.7123353 -0.7018393]
 [ 0.7018393  0.7123353]]"
20200220-114436.436114,52,[1.8067402 1.1387172],"[[ 0.25754854 -0.7046505 ]
 [ 0.9353543   0.01012334]
 [ 0.24244817  0.7094824 ]]","[[ 0.71218455 -0.70199233]
 [ 0.70199233  0.71218455]]"
20200220-114436.436114,53,[1.8063937 1.1415544],"[[ 0.25499654 -0.7047355 ]
 [ 0.9365954   0.00982657]
 [ 0.24034533  0.709402  ]]","[[ 0.712019  -0.7021601]
 [ 0.7021601  0.712019 ]]"
20200220-114436.436114,54,[1.8098433 1.1443053],"[[ 0.2505784  -0.7055598 ]
 [ 0.937538    0.00618312]
 [ 0.2413146   0.70862335]]","[[ 0.71006924 -0.70413184]
 [ 0.70413184  0.71006924]]"
20200220-114436.436114,55,[1.8133467 1.1469982],"[[ 0.2514695  -0.70480144]
 [ 0.9383999   0.00972188]
 [ 0.23699988  0.7093382 ]]","[[ 0.7119575 -0.7022225]
 [ 0.7022225  0.7119575]]"
20200220-114436.436114,56,[1.8228856 1.149852 ],"[[ 0.24998222 -0.7048585 ]
 [ 0.9391045   0.00954995]
 [ 0.23577838  0.7092836 ]]","[[ 0.71185154 -0.70233   ]
 [ 0.70233     0.71185154]]"
20200220-114436.436114,57,[1.8225939 1.1526971],"[[ 0.2477438  -0.70488757]
 [ 0.94024444  0.00952679]
 [ 0.2335886   0.7092552 ]]","[[ 0.711842   -0.70233965]
 [ 0.70233965  0.711842  ]]"
20200220-114436.436114,58,[1.8223583 1.1555549],"[[ 0.24535167 -0.70496476]
 [ 0.9413539   0.00923353]
 [ 0.23163605  0.70918226]]","[[ 0.7116792 -0.7025045]
 [ 0.7025045  0.7116792]]"
20200220-114436.436114,59,[1.8221834 1.1584219],"[[ 0.24319884 -0.70499086]
 [ 0.9424294   0.009215  ]
 [ 0.229524    0.70915663]]","[[ 0.7116724  -0.70251155]
 [ 0.70251155  0.7116724 ]]"
20200220-114436.436114,60,[1.8220623 1.1612995],"[[ 0.24108618 -0.70501626]
 [ 0.943474    0.00919652]
 [ 0.22745149  0.70913154]]","[[ 0.7116655  -0.70251834]
 [ 0.70251834  0.7116655 ]]"
20200220-114436.436114,61,[1.8292397 1.1639335],"[[ 0.23994851 -0.7050715 ]
 [ 0.94395506  0.00896496]
 [ 0.22665748  0.7090795 ]]","[[ 0.71152914 -0.7026566 ]
 [ 0.7026566   0.71152914]]"
20200220-114436.436114,62,[1.8363562 1.1665618],"[[ 0.23891371 -0.7051043 ]
 [ 0.9444261   0.00885764]
 [ 0.2257868   0.7090483 ]]","[[ 0.7114616 -0.702725 ]
 [ 0.702725   0.7114616]]"
20200220-114436.436114,63,[1.8398716 1.1692921],"[[ 0.23991033 -0.7044187 ]
 [ 0.9451158   0.01225707]
 [ 0.22180855  0.70967877]]","[[ 0.71325797 -0.70090157]
 [ 0.70090157  0.71325797]]"
20200220-114436.436114,64,[1.8432593 1.1720697],"[[ 0.23554596 -0.7052354 ]
 [ 0.94587255  0.00829268]
 [ 0.22325575  0.7089248 ]]","[[ 0.71114177 -0.70304865]
 [ 0.70304865  0.71114177]]"
20200220-114436.436114,65,[1.8431418 1.1749563],"[[ 0.23355234 -0.7052549 ]
 [ 0.9468304   0.00828686]
 [ 0.22128144  0.7089052 ]]","[[ 0.71114224 -0.7030482 ]
 [ 0.7030482   0.71114224]]"
20200220-114436.436114,66,[1.8430698 1.177855 ],"[[ 0.23139885 -0.7053198 ]
 [ 0.9477634   0.00800622]
 [ 0.21954355  0.7088442 ]]","[[ 0.7109866  -0.70320565]
 [ 0.70320565  0.7109866 ]]"
20200220-114436.436114,67,[1.8525823 1.180755 ],"[[ 0.23011357 -0.7053921 ]
 [ 0.94826156  0.00767884]
 [ 0.21874152  0.70877576]]","[[ 0.71080106 -0.70339316]
 [ 0.70339316  0.71080106]]"
20200220-114436.436114,68,[1.852509  1.1836557],"[[ 0.22801393 -0.70545244]
 [ 0.9491585   0.0074071 ]
 [ 0.21704301  0.7087184 ]]","[[ 0.7106505 -0.7035452]
 [ 0.7035452  0.7106505]]"
20200220-114436.436114,69,[1.8560055 1.1863936],"[[ 0.22935215 -0.7047616 ]
 [ 0.9497428   0.01107326]
 [ 0.21304032  0.7093578 ]]","[[ 0.7126014 -0.7015691]
 [ 0.7015691  0.7126014]]"
20200220-114436.436114,70,[1.8559831 1.1893076],"[[ 0.22746524 -0.7047931 ]
 [ 0.95059747  0.0110192 ]
 [ 0.21124394  0.7093272 ]]","[[ 0.71257627 -0.7015946 ]
 [ 0.7015946   0.71257627]]"
20200220-114436.436114,71,[1.8595291 1.1920698],"[[ 0.22870958 -0.7041404 ]
 [ 0.95113516  0.01448303]
 [ 0.20744547  0.70991296]]","[[ 0.7144064 -0.699731 ]
 [ 0.699731   0.7144064]]"
20200220-114436.436114,72,[1.8595452 1.1950015],"[[ 0.22663677 -0.704232  ]
 [ 0.95195615  0.0140931 ]
 [ 0.20594904  0.70983005]]","[[ 0.7141936  -0.69994825]
 [ 0.69994825  0.7141936 ]]"
20200220-114436.436114,73,[1.8629787 1.1978422],"[[ 0.22254941 -0.70498824]
 [ 0.95255816  0.01014546]
 [ 0.20761658  0.7091465 ]]","[[ 0.7120876 -0.7020906]
 [ 0.7020906  0.7120876]]"
20200220-114436.436114,74,[1.8664211 1.2006738],"[[ 0.21852511 -0.70571196]
 [ 0.9531315   0.00625876]
 [ 0.20925371  0.7084713 ]]","[[ 0.7100103 -0.7041913]
 [ 0.7041913  0.7100103]]"
20200220-114436.436114,75,[1.8732836 1.2033405],"[[ 0.21782821 -0.7057276 ]
 [ 0.9534248   0.0062021 ]
 [ 0.20864277  0.708456  ]]","[[ 0.70997435 -0.7042275 ]
 [ 0.7042275   0.70997435]]"
20200220-114436.436114,76,[1.8766701 1.2061468],"[[ 0.21374112 -0.706442  ]
 [ 0.9539693   0.00220126]
 [ 0.21037394  0.70776755]]","[[ 0.70783025 -0.7063826 ]
 [ 0.7063826   0.70783025]]"
20200220-114436.436114,77,[1.8767018 1.2090901],"[[ 0.21211836 -0.7064322 ]
 [ 0.95471674  0.00229576]
 [ 0.20861872  0.7077771 ]]","[[ 0.7078849 -0.7063278]
 [ 0.7063278  0.7078849]]"
20200220-114436.436114,78,[1.8767691 1.2120438],"[[ 0.21052754 -0.7064225 ]
 [ 0.95544314  0.0023891 ]
 [ 0.2068969   0.7077862 ]]","[[ 0.707939  -0.7062735]
 [ 0.7062735  0.707939 ]]"
20200220-114436.436114,79,[1.8802189 1.214872 ],"[[ 0.20666696  0.7070743 ]
 [ 0.95592344  0.00141749]
 [ 0.20856452 -0.7071378 ]]","[[ 0.7058947   0.70831674]
 [ 0.70831674 -0.7058947 ]]"
20200220-114436.436114,80,[1.8836546 1.2177016],"[[ 0.20833391 -0.7064307 ]
 [ 0.9563898   0.00237182]
 [ 0.20473222  0.70777804]]","[[ 0.7079287  -0.70628387]
 [ 0.70628387  0.7079287 ]]"
20200220-114436.436114,81,[1.8964282 1.2205086],"[[ 0.21081814 -0.70579684]
 [ 0.9564582   0.00607106]
 [ 0.20184992  0.70838827]]","[[ 0.7099005  -0.70430195]
 [ 0.70430195  0.7099005 ]]"
20200220-114436.436114,82,[1.8997883 1.2233046],"[[ 0.21237415 -0.7051721 ]
 [ 0.9568895   0.00970253]
 [ 0.1981409   0.7089699 ]]","[[ 0.7118275  -0.70235443]
 [ 0.70235443  0.7118275 ]]"
20200220-114436.436114,83,[1.8997997 1.2262647],"[[ 0.21056286 -0.7052336 ]
 [ 0.9575688   0.00938907]
 [ 0.19678773  0.70891315]]","[[ 0.7116556 -0.7025285]
 [ 0.7025285  0.7116556]]"
20200220-114436.436114,84,[1.9031695 1.2290509],"[[ 0.21226299 -0.7045907 ]
 [ 0.9579632   0.01317692]
 [ 0.19300514  0.7094917 ]]","[[ 0.7136671  -0.70048505]
 [ 0.70048505  0.7136671 ]]"
20200220-114436.436114,85,[1.9065535 1.2318438],"[[ 0.21380827 -0.7039814 ]
 [ 0.95833504  0.01672143]
 [ 0.1894201   0.7100215 ]]","[[ 0.71553713 -0.6985748 ]
 [ 0.6985748   0.71553713]]"
20200220-114436.436114,86,[1.9065944 1.2348218],"[[ 0.2121709  -0.7040313 ]
 [ 0.9589746   0.01656574]
 [ 0.18801895  0.7099758 ]]","[[ 0.71545947 -0.69865423]
 [ 0.69865423  0.71545947]]"
20200220-114436.436114,87,[1.9131302 1.2375141],"[[ 0.21153954 -0.70407987]
 [ 0.9591688   0.01632461]
 [ 0.18773986  0.70993316]]","[[ 0.71531665 -0.6988004 ]
 [ 0.6988004   0.71531665]]"
20200220-114436.436114,88,[1.9131672 1.2404987],"[[ 0.20993796 -0.70412713]
 [ 0.9597887   0.01617488]
 [ 0.18636493  0.70988977]]","[[ 0.7152423 -0.6988765]
 [ 0.6988765  0.7152423]]"
20200220-114436.436114,89,[1.9132274 1.2434965],"[[ 0.20816618 -0.70421255]
 [ 0.96039593  0.01574552]
 [ 0.18521956  0.7098145 ]]","[[ 0.71501017 -0.6991141 ]
 [ 0.6991141   0.71501017]]"
20200220-114436.436114,90,[1.9165932 1.2462854],"[[ 0.20993766 -0.70359313]
 [ 0.96070373  0.01948762]
 [ 0.1815886   0.71033555]]","[[ 0.7169949 -0.6970784]
 [ 0.6970784  0.7169949]]"
20200220-114436.436114,91,[1.9166739 1.2492995],"[[ 0.20816615 -0.7036915 ]
 [ 0.96128875  0.01899892]
 [ 0.18052931  0.71025187]]","[[ 0.7167319 -0.6973489]
 [ 0.6973489  0.7167319]]"
20200220-114436.436114,92,[1.919875  1.2522218],"[[ 0.20424113 -0.70440835]
 [ 0.9617171   0.01477122]
 [ 0.18271683  0.7096411 ]]","[[ 0.714477  -0.6996589]
 [ 0.6996589  0.714477 ]]"
20200220-114436.436114,93,[1.9199816 1.2552471],"[[ 0.20256859 -0.7044851 ]
 [ 0.9622751   0.01436222]
 [ 0.18163893  0.7095735 ]]","[[ 0.71425474 -0.69988585]
 [ 0.69988585  0.71425474]]"
20200220-114436.436114,94,[1.9231822 1.2581462],"[[ 0.19858748 -0.7051871 ]
 [ 0.96266735  0.01000986]
 [ 0.18394136  0.70895076]]","[[ 0.711915  -0.7022656]
 [ 0.7022656  0.711915 ]]"
20200220-114436.436114,95,[1.9233109 1.2611829],"[[ 0.1970135  -0.70524347]
 [ 0.9632      0.00968164]
 [ 0.18284285  0.70889914]]","[[ 0.71173453 -0.7024485 ]
 [ 0.7024485   0.71173453]]"
20200220-114436.436114,96,[1.9234632 1.2642301],"[[ 0.19546854 -0.70529807]
 [ 0.9637183   0.0093579 ]
 [ 0.18176688  0.7088492 ]]","[[ 0.7115562 -0.7026292]
 [ 0.7026292  0.7115562]]"
20200220-114436.436114,97,[1.9268146 1.2671021],"[[ 0.19742385 -0.70470476]
 [ 0.96397996  0.01316637]
 [ 0.17823114  0.7093782 ]]","[[ 0.7135947 -0.7005588]
 [ 0.7005588  0.7135947]]"
20200220-114436.436114,98,[1.9331851 1.2698444],"[[ 0.19701684 -0.704736  ]
 [ 0.9640907   0.01298824]
 [ 0.17808257  0.70935076]]","[[ 0.7134888 -0.7006666]
 [ 0.7006666  0.7134888]]"
20200220-114436.436114,99,[1.933314  1.2729027],"[[ 0.19546488 -0.70480204]
 [ 0.9645904   0.01260617]
 [ 0.17708424  0.70929205]]","[[ 0.71327996 -0.7008793 ]
 [ 0.7008793   0.71327996]]"
20200220-114436.436114,100,[1.9334639 1.2759714],"[[ 0.19394177 -0.70486575]
 [ 0.9650766   0.01222906]
 [ 0.17610642  0.709235  ]]","[[ 0.7130735 -0.7010893]
 [ 0.7010893  0.7130735]]"
20200220-114436.436114,101,[1.9367758 1.2788378],"[[ 0.19607297 -0.7042556 ]
 [ 0.96530014  0.01622534]
 [ 0.17248484  0.7097611 ]]","[[ 0.71521676 -0.6989026 ]
 [ 0.6989026   0.71521676]]"
20200220-114436.436114,102,[1.9459969 1.281922 ],"[[ 0.19542593 -0.7043185 ]
 [ 0.9654424   0.01581925]
 [ 0.17242245  0.70970774]]","[[ 0.7149751 -0.6991498]
 [ 0.6991498  0.7149751]]"
20200220-114436.436114,103,[1.9461133 1.2849946],"[[ 0.19409978 -0.70435625]
 [ 0.965908    0.01567549]
 [ 0.17131014  0.70967364]]","[[ 0.71490407 -0.6992225 ]
 [ 0.6992225   0.71490407]]"
20200220-114436.436114,104,[1.9492002 1.2879488],"[[ 0.1901477  -0.705044  ]
 [ 0.96623826  0.01115897]
 [ 0.17386062  0.7090758 ]]","[[ 0.71246964 -0.70170295]
 [ 0.70170295  0.71246964]]"
20200220-114436.436114,105,[1.9493263 1.2910357],"[[ 0.18870744 -0.70510006]
 [ 0.9666875   0.01080582]
 [ 0.17293032  0.70902544]]","[[ 0.7122755 -0.7019   ]
 [ 0.7019     0.7122755]]"
20200220-114436.436114,106,[1.949471  1.2941334],"[[ 0.18729383 -0.70515454]
 [ 0.9671248   0.01045734]
 [ 0.1720193   0.7089765 ]]","[[ 0.71208346 -0.7020948 ]
 [ 0.7020948   0.71208346]]"
20200220-114436.436114,107,[1.9496372 1.2972393],"[[ 0.1861153  -0.7051723 ]
 [ 0.96754766  0.01040787]
 [ 0.17091706  0.7089597 ]]","[[ 0.71206194 -0.70211667]
 [ 0.70211667  0.71206194]]"
20200220-114436.436114,108,[1.9498162 1.300358 ],"[[ 0.18475002 -0.7052244 ]
 [ 0.96796274  0.01006448]
 [ 0.17004661  0.70891285]]","[[ 0.711872   -0.70230937]
 [ 0.70230937  0.711872  ]]"
20200220-114436.436114,109,[1.9529467 1.3033324],"[[ 0.18087411 -0.70586896]
 [ 0.96822643  0.00552842]
 [ 0.17269118  0.70832086]]","[[ 0.7094021 -0.704804 ]
 [ 0.704804   0.7094021]]"
20200220-114436.436114,110,[1.9560766 1.3062845],"[[ 0.17706586  0.70648104]
 [ 0.9684646  -0.00107467]
 [ 0.17528278 -0.7077311 ]]","[[ 0.7069661  0.7072475]
 [ 0.7072475 -0.7069661]]"
20200220-114436.436114,111,[1.9562557 1.3094181],"[[ 1.7585525e-01  7.0650214e-01]
 [ 9.6885669e-01 -8.9311600e-04]
 [ 1.7433238e-01 -7.0771050e-01]]","[[ 0.706861   0.7073525]
 [ 0.7073525 -0.706861 ]]"
20200220-114436.436114,112,[1.9594188 1.3123894],"[[ 0.17223537  0.7070683 ]
 [ 0.9690607   0.00333938]
 [ 0.17679465 -0.70713747]]","[[ 0.7045425  0.7096618]
 [ 0.7096618 -0.7045425]]"
20200220-114436.436114,113,[1.9654902 1.3151883],"[[ 0.17221723  0.7070556 ]
 [ 0.96909714  0.00322366]
 [ 0.17661205 -0.70715064]]","[[ 0.70461005  0.7095948 ]
 [ 0.7095948  -0.70461005]]"
20200220-114436.436114,114,[1.9715096 1.3179828],"[[ 0.17211233  0.70705545]
 [ 0.9691344   0.00322595]
 [ 0.17651042 -0.7071508 ]]","[[ 0.70461    0.7095948]
 [ 0.7095948 -0.70461  ]]"
20200220-114436.436114,115,[1.9716252 1.3211223],"[[ 0.17097378  0.70706314]
 [ 0.9695152   0.00333217]
 [ 0.17552301 -0.70714265]]","[[ 0.70454496  0.70965934]
 [ 0.70965934 -0.70454496]]"
20200220-114436.436114,116,[1.9746683 1.3241079],"[[ 1.7348412e-01  7.0649779e-01]
 [ 9.6972179e-01 -9.5197558e-04]
 [ 1.7188126e-01 -7.0771486e-01]]","[[ 0.70689166  0.7073219 ]
 [ 0.7073219  -0.70689166]]"
20200220-114436.436114,117,[1.9806342 1.3268801],"[[ 0.16728143  0.70760334]
 [ 0.9697232   0.00756979]
 [ 0.17791522 -0.70656943]]","[[ 0.70221406  0.71196586]
 [ 0.71196586 -0.70221406]]"
20200220-114436.436114,118,[1.9835796 1.3298658],"[[ 0.1699778   0.70702374]
 [ 0.9699502   0.00301975]
 [ 0.17408103 -0.70718354]]","[[ 0.7047198   0.70948577]
 [ 0.70948577 -0.7047198 ]]"
20200220-114436.436114,119,[1.9865841 1.3328304],"[[ 0.16640545  0.70756006]
 [ 0.9701245   0.00722274]
 [ 0.17654404 -0.7066164 ]]","[[ 0.7024108  0.7117717]
 [ 0.7117717 -0.7024108]]"
20200220-114436.436114,120,[1.9955217 1.3359894],"[[ 0.1663132   0.7075421 ]
 [ 0.9701868   0.00710979]
 [ 0.17628804 -0.7066354 ]]","[[ 0.7024788  0.7117046]
 [ 0.7117046 -0.7024788]]"
20200220-114436.436114,121,[1.9955444 1.3391385],"[[ 0.16525444  0.7075386 ]
 [ 0.9705502   0.00714716]
 [ 0.17528126 -0.7066386 ]]","[[ 0.7024506   0.71173257]
 [ 0.71173257 -0.7024506 ]]"
20200220-114436.436114,122,[1.998489  1.3420795],"[[ 0.16159748  0.7080655 ]
 [ 0.9706986   0.01148602]
 [ 0.17784923 -0.7060531 ]]","[[ 0.7000545   0.71408933]
 [ 0.71408933 -0.7000545 ]]"
20200220-114436.436114,123,[2.0014472 1.3450247],"[[ 0.1581334   0.70855117]
 [ 0.9708264   0.01557192]
 [ 0.18024886 -0.70548725]]","[[ 0.69779634  0.71629614]
 [ 0.71629614 -0.69779634]]"
20200220-114436.436114,124,[2.001458  1.3481975],"[[ 0.15742603  0.70849967]
 [ 0.97118     0.01516497]
 [ 0.17895919 -0.7055482 ]]","[[ 0.6980215   0.71607685]
 [ 0.71607685 -0.6980215 ]]"
20200220-114436.436114,125,[2.001482  1.3513811],"[[ 0.15673333  0.70844936]
 [ 0.97152436  0.01476422]
 [ 0.17769325 -0.70560706]]","[[ 0.69824374  0.71586007]
 [ 0.71586007 -0.69824374]]"
20200220-114436.436114,126,[2.0042791 1.3544354],"[[ 0.15953764  0.7079078 ]
 [ 0.97175217  0.01017132]
 [ 0.17391166 -0.70623136]]","[[ 0.7007951  0.7133626]
 [ 0.7133626 -0.7007951]]"
20200220-114436.436114,127,[2.0043125 1.3576294],"[[ 0.1585934   0.7078975 ]
 [ 0.97207916  0.01015693]
 [ 0.17294529 -0.7062421 ]]","[[ 0.70079446  0.71336323]
 [ 0.71336323 -0.70079446]]"
20200220-114436.436114,128,[2.0043545 1.3608364],"[[ 0.15788148  0.7078598 ]
 [ 0.9724011   0.0098418 ]
 [ 0.17178366 -0.70628464]]","[[ 0.7009702  0.7131906]
 [ 0.7131906 -0.7009702]]"
20200220-114436.436114,129,[2.0044107 1.3640524],"[[ 0.1569678   0.7078506 ]
 [ 0.9727119   0.00983512]
 [ 0.17085877 -0.7062936 ]]","[[ 0.7009653  0.7131953]
 [ 0.7131953 -0.7009653]]"
20200220-114436.436114,130,[2.0073264 1.3670291],"[[ 0.15332496  0.70835525]
 [ 0.9728062   0.01429641]
 [ 0.17360675 -0.70571125]]","[[ 0.6984693  0.71564  ]
 [ 0.71564   -0.6984693]]"
20200220-114436.436114,131,[2.0102644 1.3700213],"[[ 0.14986674  0.70882356]
 [ 0.9728811   0.01851109]
 [ 0.17618865 -0.705143  ]]","[[ 0.69611144  0.7179338 ]
 [ 0.7179338  -0.69611144]]"
20200220-114436.436114,132,[2.0158577 1.3728738],"[[ 0.15007448  0.7088004 ]
 [ 0.9728775   0.01825511]
 [ 0.17603162 -0.7051731 ]]","[[ 0.6962659  0.717784 ]
 [ 0.717784  -0.6962659]]"
20200220-114436.436114,133,[2.0214038 1.3757215],"[[ 0.15027356  0.7087774 ]
 [ 0.97287536  0.01800421]
 [ 0.17587343 -0.7052026 ]]","[[ 0.69641703  0.71763736]
 [ 0.71763736 -0.69641703]]"
20200220-114436.436114,134,[2.0213826 1.3789525],"[[ 0.14947394  0.7087502 ]
 [ 0.9731812   0.01785612]
 [ 0.17485964 -0.70523363]]","[[ 0.6964889  0.7175676]
 [ 0.7175676 -0.6964889]]"
20200220-114436.436114,135,[2.0242383 1.3819231],"[[ 0.14589985  0.70921445]
 [ 0.97323567  0.02223286]
 [ 0.17755386 -0.7046421 ]]","[[ 0.694026    0.71994984]
 [ 0.71994984 -0.694026  ]]"
20200220-114436.436114,136,[2.0242147 1.3851718],"[[ 0.1451743   0.70917934]
 [ 0.97353405  0.02201241]
 [ 0.17651072 -0.70468444]]","[[ 0.6941378  0.7198422]
 [ 0.7198422 -0.6941378]]"
20200220-114436.436114,137,[2.0296729 1.3880373],"[[ 0.1455214   0.7091439 ]
 [ 0.97352916  0.02158624]
 [ 0.17625165 -0.7047334 ]]","[[ 0.69439346  0.71959555]
 [ 0.71959555 -0.69439346]]"
20200220-114436.436114,138,[2.0296216 1.3912979],"[[ 0.14501439  0.70908594]
 [ 0.9738289   0.02107173]
 [ 0.17500931 -0.7048071 ]]","[[ 0.6946807  0.7193183]
 [ 0.7193183 -0.6946807]]"
20200220-114436.436114,139,[2.0350332 1.3941662],"[[ 0.14527468  0.70906126]
 [ 0.97381866  0.02077651]
 [ 0.17484996 -0.7048408 ]]","[[ 0.6948588  0.7191462]
 [ 0.7191462 -0.6948588]]"
20200220-114436.436114,140,[2.037566  1.3972899],"[[ 0.14850588  0.70852315]
 [ 0.9740505   0.01568738]
 [ 0.17079768 -0.70551336]]","[[ 0.6977318  0.7163591]
 [ 0.7163591 -0.6977318]]"
20200220-114436.436114,141,[2.040105  1.4003861],"[[ 0.15168153  0.7079791 ]
 [ 0.97425264  0.01067859]
 [ 0.16680673 -0.70615274]]","[[ 0.70055246  0.7136009 ]
 [ 0.7136009  -0.70055246]]"
20200220-114436.436114,142,[2.040027 1.403655],"[[ 0.15083858  0.7079691 ]
 [ 0.9745326   0.0106582 ]
 [ 0.16593343 -0.70616305]]","[[ 0.7005546  0.7135988]
 [ 0.7135988 -0.7005546]]"
20200220-114436.436114,143,[2.0399547 1.406938 ],"[[ 0.1502311   0.7079332 ]
 [ 0.97480905  0.0103302 ]
 [ 0.16485795 -0.70620406]]","[[ 0.7007391  0.7134177]
 [ 0.7134177 -0.7007391]]"
20200220-114436.436114,144,[2.0426598 1.4099874],"[[ 0.14665325  0.7084192 ]
 [ 0.97487164  0.01480445]
 [ 0.16768473 -0.70563674]]","[[ 0.6982199  0.7158834]
 [ 0.7158834 -0.6982199]]"
20200220-114436.436114,145,[2.0425873 1.4132848],"[[ 0.14589547  0.7084014 ]
 [ 0.9751375   0.01471525]
 [ 0.1667977  -0.7056565 ]]","[[ 0.69825965  0.7158446 ]
 [ 0.7158446  -0.69825965]]"
20200220-114436.436114,146,[2.0425186 1.4165971],"[[ 0.14537375  0.7083587 ]
 [ 0.9754016   0.01431578]
 [ 0.16570652 -0.70570767]]","[[ 0.6984844  0.7156254]
 [ 0.7156254 -0.6984844]]"
20200220-114436.436114,147,[2.0424569 1.4199201],"[[ 0.14486256  0.70831704]
 [ 0.9756588   0.01392233]
 [ 0.16463473 -0.705757  ]]","[[ 0.6987061   0.71540886]
 [ 0.71540886 -0.6987061 ]]"
20200220-114436.436114,148,[2.045162 1.422975],"[[ 0.14114451  0.7088015 ]
 [ 0.9756875   0.01864302]
 [ 0.16766796 -0.7051619 ]]","[[ 0.6960199   0.71802264]
 [ 0.71802264 -0.6960199 ]]"
20200220-114436.436114,149,[2.0450919 1.4263158],"[[ 0.14070447  0.7087532 ]
 [ 0.97594047  0.01817513]
 [ 0.16656086 -0.7052225 ]]","[[ 0.6962837   0.71776676]
 [ 0.71776676 -0.6962837 ]]"
20200220-114436.436114,150,[2.0563664 1.4293721],"[[ 0.13801055  0.70920527]
 [ 0.9756877   0.02264059]
 [ 0.17025474 -0.7046384 ]]","[[ 0.6937632  0.7202032]
 [ 0.7202032 -0.6937632]]"
20200220-114436.436114,151,[2.0590303 1.4324131],"[[ 0.13453159  0.70963067]
 [ 0.97568166  0.02702627]
 [ 0.17305028 -0.7040551 ]]","[[ 0.69125795  0.7226081 ]
 [ 0.7226081  -0.69125795]]"
20200220-114436.436114,152,[2.0616956 1.4354277],"[[ 0.13095231  0.7100488 ]
 [ 0.97565305  0.0315454 ]
 [ 0.17593363 -0.70344555]]","[[ 0.68866116  0.72508335]
 [ 0.72508335 -0.68866116]]"
20200220-114436.436114,153,[2.064356  1.4384198],"[[ 0.12742701  0.71044254]
 [ 0.97560465  0.03599259]
 [ 0.17876768 -0.70283425]]","[[ 0.6860923  0.7275145]
 [ 0.7275145 -0.6860923]]"
20200220-114436.436114,154,[2.0727108 1.4417696],"[[ 0.12791209  0.7103985 ]
 [ 0.975613    0.03537598]
 [ 0.17837533 -0.70291   ]]","[[ 0.6864871   0.72714204]
 [ 0.72714204 -0.6864871 ]]"
20200220-114436.436114,155,[2.0725043 1.4451196],"[[ 0.12744303  0.7103478 ]
 [ 0.9758742   0.03493857]
 [ 0.17727914 -0.70298314]]","[[ 0.6867208  0.7269214]
 [ 0.7269214 -0.6867208]]"
20200220-114436.436114,156,[2.072306 1.448481],"[[ 0.1269821   0.7102989 ]
 [ 0.97612906  0.03450966]
 [ 0.17620394 -0.7030541 ]]","[[ 0.68694973  0.726705  ]
 [ 0.726705   -0.68694973]]"
20200220-114436.436114,157,[2.0745158 1.451757 ],"[[ 0.13055092  0.70981914]
 [ 0.9764027   0.02908987]
 [ 0.17202878 -0.7037829 ]]","[[ 0.69007885  0.7237341 ]
 [ 0.7237341  -0.69007885]]"
20200220-114436.436114,158,[2.0770946 1.4548035],"[[ 0.12709415  0.7102152 ]
 [ 0.9763581   0.03347915]
 [ 0.17484894 -0.7031884 ]]","[[ 0.68754715  0.7261397 ]
 [ 0.7261397  -0.68754715]]"
20200220-114436.436114,159,[2.0796764 1.4578407],"[[ 0.12368076  0.71059144]
 [ 0.97629476  0.03780872]
 [ 0.1776276  -0.7025883 ]]","[[ 0.6850404  0.7285051]
 [ 0.7285051 -0.6850404]]"
20200220-114436.436114,160,[2.082261  1.4608697],"[[ 0.12031028  0.7109488 ]
 [ 0.97621393  0.04207993]
 [ 0.18036518 -0.7019835 ]]","[[ 0.6825578   0.73083156]
 [ 0.73083156 -0.6825578 ]]"
20200220-114436.436114,161,[2.0871434 1.4638215],"[[ 0.12095906  0.71090984]
 [ 0.9762049   0.04135096]
 [ 0.1799801  -0.70206624]]","[[ 0.68300545  0.7304132 ]
 [ 0.7304132  -0.68300545]]"
20200220-114436.436114,162,[2.0953407 1.467223 ],"[[ 0.12163748  0.7108496 ]
 [ 0.9762172   0.04050741]
 [ 0.17945608 -0.7021768 ]]","[[ 0.6835347  0.7299181]
 [ 0.7299181 -0.6835347]]"
20200220-114436.436114,163,[2.097352  1.4705327],"[[ 0.12529467  0.71038723]
 [ 0.9765311   0.03495482]
 [ 0.17518091 -0.7029426 ]]","[[ 0.6867578   0.72688633]
 [ 0.72688633 -0.6867578 ]]"
20200220-114436.436114,164,[2.0993636 1.4737998],"[[ 0.1290274   0.70989907]
 [ 0.9768177   0.02928641]
 [ 0.17081872 -0.7036941 ]]","[[ 0.6900452   0.72376627]
 [ 0.72376627 -0.6900452 ]]"
20200220-114436.436114,165,[2.0990417 1.4771942],"[[ 0.12873322  0.70983857]
 [ 0.9770693   0.02863657]
 [ 0.16959763 -0.703782  ]]","[[ 0.6904132  0.7234153]
 [ 0.7234153 -0.6904132]]"
20200220-114436.436114,166,[2.1014555 1.480257 ],"[[ 0.12520191  0.71023846]
 [ 0.9770197   0.03313929]
 [ 0.17250293 -0.703181  ]]","[[ 0.68780625  0.72589433]
 [ 0.72589433 -0.68780625]]"
20200220-114436.436114,167,[2.1011362 1.483665 ],"[[ 0.12474276  0.71019423]
 [ 0.97725844  0.03274429]
 [ 0.17147857 -0.70324373]]","[[ 0.68801695  0.7256946 ]
 [ 0.7256946  -0.68801695]]"
20200220-114436.436114,168,[2.1058586 1.4866186],"[[ 0.125211    0.7101682 ]
 [ 0.97723114  0.03228298]
 [ 0.17129293 -0.70329136]]","[[ 0.6882988   0.72542727]
 [ 0.72542727 -0.6882988 ]]"
20200220-114436.436114,169,[2.1055105 1.4900438],"[[ 0.12497438  0.7101059 ]
 [ 0.97747725  0.03158242]
 [ 0.17005756 -0.7033864 ]]","[[ 0.68869716  0.72504914]
 [ 0.72504914 -0.68869716]]"
20200220-114436.436114,170,[2.1078925 1.4931002],"[[ 0.12128225  0.71050555]
 [ 0.9774011   0.0363245 ]
 [ 0.17314094 -0.7027534 ]]","[[ 0.6859276  0.7276697]
 [ 0.7276697 -0.6859276]]"
20200220-114436.436114,171,[2.1098263 1.4964288],"[[ 0.12518567  0.7100198 ]
 [ 0.9776896   0.03046224]
 [ 0.16867527 -0.7035223 ]]","[[ 0.6893526   0.72442603]
 [ 0.72442603 -0.6893526 ]]"
20200220-114436.436114,172,[2.1178346 1.4998657],"[[ 0.1258705   0.709958  ]
 [ 0.97768676  0.02963457]
 [ 0.16818172 -0.70362014]]","[[ 0.689862   0.7239409]
 [ 0.7239409 -0.689862 ]]"
20200220-114436.436114,173,[2.120129  1.5029267],"[[ 0.12213494  0.71036696]
 [ 0.97761965  0.0344308 ]
 [ 0.17129809 -0.7029891 ]]","[[ 0.6870639  0.7265971]
 [ 0.7265971 -0.6870639]]"
20200220-114436.436114,174,[2.1220121 1.5062574],"[[ 0.1258932   0.70988864]
 [ 0.97789025  0.02877307]
 [ 0.16697839 -0.703726  ]]","[[ 0.69035995  0.72346604]
 [ 0.72346604 -0.69035995]]"
20200220-114436.436114,175,[2.1242738 1.5093474],"[[ 0.1222682   0.7102916 ]
 [ 0.97782856  0.03342897]
 [ 0.17000642 -0.7031137 ]]","[[ 0.6876464   0.72604585]
 [ 0.72604585 -0.6876464 ]]"
20200220-114436.436114,176,[2.1292524 1.511985 ],"[[ 0.11527304  0.711099  ]
 [ 0.97739595  0.04337978]
 [ 0.17722729 -0.7017524 ]]","[[ 0.68182     0.73152006]
 [ 0.73152006 -0.68182   ]]"
20200220-114436.436114,177,[2.13154   1.5150135],"[[ 0.11165667  0.71144646]
 [ 0.97726965  0.04800084]
 [ 0.18021357 -0.70109916]]","[[ 0.6790897   0.73405534]
 [ 0.73405534 -0.6790897 ]]"
20200220-114436.436114,178,[2.1332245 1.5184155],"[[ 0.11572896  0.7109991 ]
 [ 0.97764003  0.04189783]
 [ 0.1755757  -0.70194376]]","[[ 0.682694    0.73070437]
 [ 0.73070437 -0.682694  ]]"
20200220-114436.436114,179,[2.1327538 1.5218843],"[[ 0.11538482  0.7109473 ]
 [ 0.97787887  0.04136455]
 [ 0.174469   -0.7020278 ]]","[[ 0.6829848  0.7304326]
 [ 0.7304326 -0.6829848]]"
20200220-114436.436114,180,[2.1350038 1.5249566],"[[ 0.11184582  0.7112963 ]
 [ 0.9777584   0.04590854]
 [ 0.17742315 -0.70139146]]","[[ 0.6802995   0.73293424]
 [ 0.73293424 -0.6802995 ]]"
20200220-114436.436114,181,[2.13726   1.5280205],"[[ 0.10834774  0.7116262 ]
 [ 0.97761905  0.05039588]
 [ 0.18033737 -0.70074826]]","[[ 0.6776364  0.7353971]
 [ 0.7353971 -0.6776364]]"
20200220-114436.436114,182,[2.1395257 1.531055 ],"[[ 0.1047436   0.7119458 ]
 [ 0.9774527   0.05502334]
 [ 0.18334368 -0.70007545]]","[[ 0.6748728  0.737934 ]
 [ 0.737934  -0.6748728]]"
20200220-114436.436114,183,[2.1417928 1.5341033],"[[ 0.10132807  0.71223855]
 [ 0.97727704  0.05939615]
 [ 0.18617767 -0.69942003]]","[[ 0.67225546  0.74031925]
 [ 0.74031925 -0.67225546]]"
20200220-114436.436114,184,[2.1412566 1.5376316],"[[ 0.10120514  0.7121757 ]
 [ 0.977533    0.05858597]
 [ 0.18489736 -0.6995524 ]]","[[ 0.67270917  0.739907  ]
 [ 0.739907   -0.67270917]]"
20200220-114436.436114,185,[2.1489675 1.5411762],"[[ 0.1023339   0.7121066 ]
 [ 0.977582    0.05717146]
 [ 0.18401471 -0.6997398 ]]","[[ 0.67360973  0.7390872 ]
 [ 0.7390872  -0.67360973]]"
20200220-114436.436114,186,[2.148387  1.5447187],"[[ 0.10242143  0.7120316 ]
 [ 0.977851    0.05606845]
 [ 0.18253049 -0.6999051 ]]","[[ 0.67424893  0.7385042 ]
 [ 0.7385042  -0.67424893]]"
20200220-114436.436114,187,[2.1506023 1.5477798],"[[ 0.09896627  0.7123211 ]
 [ 0.9776614   0.06051543]
 [ 0.18542919 -0.69923985]]","[[ 0.6715751   0.74093646]
 [ 0.74093646 -0.6715751 ]]"
20200220-114436.436114,188,[2.1520479 1.551308 ],"[[ 0.10335782  0.71192527]
 [ 0.97811997  0.05401564]
 [ 0.18055028 -0.7001748 ]]","[[ 0.67548364  0.7373749 ]
 [ 0.7373749  -0.67548364]]"
20200220-114436.436114,189,[2.1542237 1.5543457],"[[ 0.09970251  0.71222913]
 [ 0.9779241   0.05873933]
 [ 0.18364027 -0.69948494]]","[[ 0.67263305  0.73997617]
 [ 0.73997617 -0.67263305]]"
20200220-114436.436114,190,[2.15641   1.5574118],"[[ 0.09623289  0.71250975]
 [ 0.97771925  0.06321096]
 [ 0.18655929 -0.6988092 ]]","[[ 0.6699311  0.7424233]
 [ 0.7424233 -0.6699311]]"
20200220-114436.436114,191,[2.1558053 1.5609884],"[[ 0.09616944  0.7124486 ]
 [ 0.9779717   0.06234789]
 [ 0.18526408 -0.6989491 ]]","[[ 0.67041826  0.74198335]
 [ 0.74198335 -0.67041826]]"
20200220-114436.436114,192,[2.1572134 1.5645635],"[[ 0.10053676  0.7120696 ]
 [ 0.9784323   0.05591092]
 [ 0.18045151 -0.69987917]]","[[ 0.6743059   0.73845214]
 [ 0.73845214 -0.6743059 ]]"
20200220-114436.436114,193,[2.1566231 1.5681486],"[[ 0.10040081  0.7120134 ]
 [ 0.9786662   0.05516702]
 [ 0.17925411 -0.69999516]]","[[ 0.6747232   0.73807085]
 [ 0.73807085 -0.6747232 ]]"
20200220-114436.436114,194,[2.1587763 1.5712285],"[[ 0.09665814  0.712319  ]
 [ 0.9784478   0.06004456]
 [ 0.18247515 -0.69928277]]","[[ 0.6717603   0.74076855]
 [ 0.74076855 -0.6717603 ]]"
20200220-114436.436114,195,[2.1581728 1.5748397],"[[ 0.09657839  0.71226263]
 [ 0.9786835   0.05924091]
 [ 0.18124926 -0.6994086 ]]","[[ 0.6722141   0.74035686]
 [ 0.74035686 -0.6722141 ]]"
20200220-114436.436114,196,[2.1595783 1.5784327],"[[ 0.10103455  0.7118722 ]
 [ 0.97912157  0.0527069 ]
 [ 0.17638889 -0.7003285 ]]","[[ 0.67617345  0.73674256]
 [ 0.73674256 -0.67617345]]"
20200220-114436.436114,197,[2.1636958 1.581504 ],"[[ 0.10173965  0.71185064]
 [ 0.9791067   0.05197936]
 [ 0.176065   -0.7004045 ]]","[[ 0.6766303  0.7363229]
 [ 0.7363229 -0.6766303]]"
20200220-114436.436114,198,[2.1630814 1.5851225],"[[ 0.10156918  0.71179944]
 [ 0.9793272   0.05130637]
 [ 0.17493433 -0.7005065 ]]","[[ 0.6770074   0.73597616]
 [ 0.73597616 -0.6770074 ]]"
20200220-114436.436114,199,[2.1624548 1.5887649],"[[ 0.10164708  0.7117346 ]
 [ 0.9795598   0.05030167]
 [ 0.17358151 -0.7006452 ]]","[[ 0.67759633  0.73543406]
 [ 0.73543406 -0.67759633]]"
20200220-114436.436114,200,[2.1618347 1.5924193],"[[ 0.10172457  0.7116711 ]
 [ 0.9797865   0.04931256]
 [ 0.17225128 -0.7007799 ]]","[[ 0.6781768  0.7348988]
 [ 0.7348988 -0.6781768]]"
20200220-114436.436114,201,[2.1632612 1.5959907],"[[ 0.10636744  0.71122795]
 [ 0.9801641   0.04253039]
 [ 0.16722614 -0.701674  ]]","[[ 0.68228954  0.73108214]
 [ 0.73108214 -0.68228954]]"
20200220-114436.436114,202,[2.1652853 1.5991818],"[[ 0.10245159  0.7115911 ]
 [ 0.9799823   0.04770708]
 [ 0.17069966 -0.7009722 ]]","[[ 0.67914677  0.7340026 ]
 [ 0.7340026  -0.67914677]]"
20200220-114436.436114,203,[2.1646547 1.6028594],"[[ 0.10251173  0.7115303 ]
 [ 0.98019975  0.04675946]
 [ 0.1694108  -0.7010981 ]]","[[ 0.67970437  0.7334862 ]
 [ 0.7334862  -0.67970437]]"
20200220-114436.436114,204,[2.166685  1.6060524],"[[ 0.09859559  0.7118766 ]
 [ 0.9799922   0.051947  ]
 [ 0.17289945 -0.7003806 ]]","[[ 0.67653495  0.7364105 ]
 [ 0.7364105  -0.67653495]]"
20200220-114436.436114,205,[2.1660578 1.6097448],"[[ 0.09845832  0.71183074]
 [ 0.9801944   0.05129173]
 [ 0.17182824 -0.7004758 ]]","[[ 0.6769044  0.736071 ]
 [ 0.736071  -0.6769044]]"
20200220-114436.436114,206,[2.1680956 1.6129386],"[[ 0.09454295  0.7121593 ]
 [ 0.9799596   0.05648813]
 [ 0.17533016 -0.6997415 ]]","[[ 0.6737085   0.73899716]
 [ 0.73899716 -0.6737085 ]]"
20200220-114436.436114,207,[2.1674318 1.6166706],"[[ 0.09471774  0.7120987 ]
 [ 0.9801848   0.05541089]
 [ 0.17397246 -0.6998893 ]]","[[ 0.6743474   0.73841417]
 [ 0.73841417 -0.6743474 ]]"
20200220-114436.436114,208,[2.1667936 1.6204021],"[[ 0.09463215  0.7120535 ]
 [ 0.98038405  0.05471265]
 [ 0.172892   -0.69999015]]","[[ 0.67474395  0.73805183]
 [ 0.73805183 -0.67474395]]"
20200220-114436.436114,209,[2.1688056 1.6235969],"[[ 0.09077165  0.7123622 ]
 [ 0.9801326   0.05984306]
 [ 0.17635384 -0.69925606]]","[[ 0.6715642   0.74094635]
 [ 0.74094635 -0.6715642 ]]"
20200220-114436.436114,210,[2.1681287 1.6273689],"[[ 0.09099957  0.7123039 ]
 [ 0.98035693  0.05872014]
 [ 0.17498446 -0.6994108 ]]","[[ 0.672234    0.74033874]
 [ 0.74033874 -0.672234  ]]"
20200220-114436.436114,211,[2.1701715 1.6305805],"[[ 0.08702579  0.71260595]
 [ 0.98006815  0.0640274 ]
 [ 0.17858574 -0.69863665]]","[[ 0.66892374  0.743331  ]
 [ 0.743331   -0.66892374]]"
20200220-114436.436114,212,[2.1733065 1.63425  ],"[[ 0.09700495  0.71187   ]
 [ 0.9808029   0.05041072]
 [ 0.16916189 -0.7004998 ]]","[[ 0.6774008  0.7356141]
 [ 0.7356141 -0.6774008]]"
20200220-114436.436114,213,[2.1746004 1.637924 ],"[[ 0.10201496  0.711419  ]
 [ 0.98119795  0.04316077]
 [ 0.16384038 -0.70144165]]","[[ 0.6818673  0.7314759]
 [ 0.7314759 -0.6818673]]"
20200220-114436.436114,214,[2.1739182 1.6416993],"[[ 0.1020644   0.7113638 ]
 [ 0.9813918   0.04228443]
 [ 0.16264343 -0.70155066]]","[[ 0.6823888   0.73098934]
 [ 0.73098934 -0.6823888 ]]"
20200220-114436.436114,215,[2.1732402 1.6454884],"[[ 0.10211429  0.71131015]
 [ 0.98158115  0.04142165]
 [ 0.16146576 -0.70165694]]","[[ 0.6829033  0.7305088]
 [ 0.7305088 -0.6829033]]"
20200220-114436.436114,216,[2.1746054 1.6491526],"[[ 0.10701969  0.7108244 ]
 [ 0.9818972   0.03434402]
 [ 0.15628433 -0.7025306 ]]","[[ 0.68724984  0.72642106]
 [ 0.72642106 -0.68724984]]"
20200220-114436.436114,217,[2.1784842 1.6523277],"[[ 0.10757047  0.71080875]
 [ 0.98184955  0.03389794]
 [ 0.15620512 -0.7025682 ]]","[[ 0.6875313   0.72615474]
 [ 0.72615474 -0.6875313 ]]"
20200220-114436.436114,218,[2.1803107 1.6556332],"[[ 0.10297021  0.7112533 ]
 [ 0.9816631   0.04007897]
 [ 0.1604206  -0.7017924 ]]","[[ 0.6837195  0.7297449]
 [ 0.7297449 -0.6837195]]"
20200220-114436.436114,219,[2.1841288 1.658817 ],"[[ 0.10365292  0.7112309 ]
 [ 0.981628    0.03943601]
 [ 0.1601946  -0.70185125]]","[[ 0.6841283   0.72936165]
 [ 0.72936165 -0.6841283 ]]"
20200220-114436.436114,220,[2.185426  1.6624823],"[[ 0.10857898  0.7107266 ]
 [ 0.9819366   0.03230482]
 [ 0.15495539 -0.70272624]]","[[ 0.688511   0.7252258]
 [ 0.7252258 -0.688511 ]]"
20200220-114436.436114,221,[2.1947176 1.6661019],"[[ 0.11441395  0.7101849 ]
 [ 0.9819846   0.02500218]
 [ 0.15038544 -0.703571  ]]","[[ 0.6930148   0.72092336]
 [ 0.72092336 -0.6930148 ]]"
20200220-114436.436114,222,[2.1984415 1.6692616],"[[ 0.11483699  0.71017116]
 [ 0.9819373   0.02469292]
 [ 0.15037176 -0.7035959 ]]","[[ 0.6932083   0.72073734]
 [ 0.72073734 -0.6932083 ]]"
20200220-114436.436114,223,[2.2000823 1.6725978],"[[ 0.11007088  0.71067363]
 [ 0.98181295  0.03105909]
 [ 0.15468553 -0.7028361 ]]","[[ 0.6893105   0.72446597]
 [ 0.72446597 -0.6893105 ]]"
20200220-114436.436114,224,[2.1992846 1.6763985],"[[ 0.1096876   0.71064526]
 [ 0.981987    0.03074372]
 [ 0.15385145 -0.7028785 ]]","[[ 0.6894835   0.72430146]
 [ 0.72430146 -0.6894835 ]]"
20200220-114436.436114,225,[2.2005274 1.6800159],"[[ 0.11473078  0.71007955]
 [ 0.98224366  0.02340958]
 [ 0.14843985 -0.70373225]]","[[ 0.69397724  0.7199969 ]
 [ 0.7199969  -0.69397724]]"
20200220-114436.436114,226,[2.2018142 1.6836001],"[[ 0.11973134  0.70947844]
 [ 0.9824443   0.01613161]
 [ 0.14306474 -0.7045425 ]]","[[ 0.6984161   0.71569186]
 [ 0.71569186 -0.6984161 ]]"
20200220-114436.436114,227,[2.2033644 1.6870013],"[[ 0.11475247  0.7100398 ]
 [ 0.98236537  0.02281305]
 [ 0.14761424 -0.7037918 ]]","[[ 0.6943342   0.71965265]
 [ 0.71965265 -0.6943342 ]]"
20200220-114436.436114,228,[2.2049434 1.6903995],"[[ 0.10997751  0.71055317]
 [ 0.9822477   0.02921346]
 [ 0.15196863 -0.7030369 ]]","[[ 0.69040287  0.7234251 ]
 [ 0.7234251  -0.69040287]]"
20200220-114436.436114,229,[2.2065468 1.6937768],"[[ 0.10524029  0.7110336 ]
 [ 0.98209     0.03555661]
 [ 0.15628031 -0.7022582 ]]","[[ 0.6864809   0.72714776]
 [ 0.72714776 -0.6864809 ]]"
20200220-114436.436114,230,[2.2057004 1.6976354],"[[ 0.1049062   0.7110036 ]
 [ 0.9822619   0.03519052]
 [ 0.15542343 -0.70230746]]","[[ 0.6866841   0.72695595]
 [ 0.72695595 -0.6866841 ]]"
20200220-114436.436114,231,[2.2073252 1.7010068],"[[ 0.10015851  0.7114567 ]
 [ 0.9820622   0.04155657]
 [ 0.15975684 -0.70150006]]","[[ 0.68271524  0.7306845 ]
 [ 0.7306845  -0.68271524]]"
20200220-114436.436114,232,[2.2064488 1.704904 ],"[[ 0.10017276  0.71140397]
 [ 0.98225206  0.04071674]
 [ 0.1585761  -0.70160294]]","[[ 0.68322223  0.73021054]
 [ 0.73021054 -0.68322223]]"
20200220-114436.436114,233,[2.2055757 1.7088157],"[[ 0.10018805  0.71135217]
 [ 0.9824374   0.03988943]
 [ 0.15741405 -0.7017028 ]]","[[ 0.6837225  0.7297421]
 [ 0.7297421 -0.6837225]]"
20200220-114436.436114,234,[2.204706  1.7127427],"[[ 0.10020465  0.7113017 ]
 [ 0.98261833  0.03907365]
 [ 0.15626991 -0.70180017]]","[[ 0.6842166   0.72927886]
 [ 0.72927886 -0.6842166 ]]"
20200220-114436.436114,235,[2.2038531 1.7166739],"[[ 0.09993115  0.71127236]
 [ 0.982779    0.03867781]
 [ 0.1554316  -0.7018515 ]]","[[ 0.68443817  0.7290709 ]
 [ 0.7290709  -0.68443817]]"
20200220-114436.436114,236,[2.2029881 1.7206305],"[[ 0.0999535   0.7112235 ]
 [ 0.9829522   0.03787962]
 [ 0.15431863 -0.70194465]]","[[ 0.68492323  0.7286153 ]
 [ 0.7286153  -0.68492323]]"
20200220-114436.436114,237,[2.2071326 1.7234191],"[[ 0.08992013  0.7121421 ]
 [ 0.9822358   0.05219841]
 [ 0.16470274 -0.7000921 ]]","[[ 0.67586684  0.7370237 ]
 [ 0.7370237  -0.67586684]]"
20200220-114436.436114,238,[2.2062435 1.7273961],"[[ 0.08977166  0.7121082 ]
 [ 0.98240745  0.05163965]
 [ 0.16375822 -0.7001681 ]]","[[ 0.67618614  0.7367308 ]
 [ 0.7367308  -0.67618614]]"
20200220-114436.436114,239,[2.2097301 1.7306844],"[[ 0.09046105  0.71209633]
 [ 0.9823808   0.05099508]
 [ 0.16353789 -0.70022726]]","[[ 0.67660445  0.7363466 ]
 [ 0.7363466  -0.67660445]]"
20200220-114436.436114,240,[2.2088041 1.73469  ],"[[ 0.09059376  0.7120459 ]
 [ 0.98257166  0.05004105]
 [ 0.16231358 -0.70034754]]","[[ 0.6771871   0.73581094]
 [ 0.73581094 -0.6771871 ]]"
20200220-114436.436114,241,[2.20788   1.7387092],"[[ 0.09072521  0.711996  ]
 [ 0.9827578   0.04910135]
 [ 0.16110817 -0.7004645 ]]","[[ 0.67776185  0.73528147]
 [ 0.73528147 -0.67776185]]"
20200220-114436.436114,242,[2.208828  1.7425979],"[[ 0.09667894  0.7114794 ]
 [ 0.9831864   0.04057357]
 [ 0.15491256 -0.70153475]]","[[ 0.6831873  0.7302432]
 [ 0.7302432 -0.6831873]]"
20200220-114436.436114,243,[2.2156725 1.7466215],"[[ 0.09770331  0.71142364]
 [ 0.98316926  0.03947517]
 [ 0.15437698 -0.7016538 ]]","[[ 0.6839093   0.72956705]
 [ 0.72956705 -0.6839093 ]]"
20200220-114436.436114,244,[2.2172003 1.750073 ],"[[ 0.09248161  0.71188927]
 [ 0.9829001   0.04653999]
 [ 0.1592311  -0.7007479 ]]","[[ 0.6794075  0.7337612]
 [ 0.7337612 -0.6794075]]"
20200220-114436.436114,245,[2.2162323 1.7541163],"[[ 0.09257355  0.71184015]
 [ 0.98308134  0.04564822]
 [ 0.15805441 -0.70085657]]","[[ 0.6799542  0.7332546]
 [ 0.7332546 -0.6799542]]"
20200220-114436.436114,246,[2.2171395 1.7580069],"[[ 0.09861872  0.7112927 ]
 [ 0.9834862   0.03698435]
 [ 0.15175524 -0.7019225 ]]","[[ 0.6854707  0.7281003]
 [ 0.7281003 -0.6854707]]"
20200220-114436.436114,247,[2.216191  1.7620558],"[[ 0.09832036  0.71126866]
 [ 0.9836352   0.03665066]
 [ 0.15098071 -0.70196426]]","[[ 0.6856564   0.72792536]
 [ 0.72792536 -0.6856564 ]]"
20200220-114436.436114,248,[2.2152429 1.7661203],"[[ 0.09802347  0.7112454 ]
 [ 0.98378074  0.03632689]
 [ 0.15022206 -0.7020043 ]]","[[ 0.6858364  0.7277558]
 [ 0.7277558 -0.6858364]]"
20200220-114436.436114,249,[2.2167234 1.769634 ],"[[ 0.09249637  0.7117489 ]
 [ 0.98350894  0.04384637]
 [ 0.15541708 -0.7010641 ]]","[[ 0.6810176  0.732267 ]
 [ 0.732267  -0.6810176]]"
20200220-114436.436114,250,[2.2157412 1.7737417],"[[ 0.09258246  0.7117025 ]
 [ 0.9836776   0.04299644]
 [ 0.15429461 -0.7011639 ]]","[[ 0.6815423   0.73177874]
 [ 0.73177874 -0.6815423 ]]"
20200220-114436.436114,251,[2.216636  1.7776736],"[[ 0.09892035  0.71111906]
 [ 0.9840671   0.03394642]
 [ 0.14773887 -0.7022516 ]]","[[ 0.6873388   0.72633684]
 [ 0.72633684 -0.6873388 ]]"
20200220-114436.436114,252,[2.218076  1.7812226],"[[ 0.09320852  0.7116499 ]
 [ 0.983801    0.04173049]
 [ 0.15312612 -0.7012938 ]]","[[ 0.68233943  0.7310355 ]
 [ 0.7310355  -0.68233943]]"
20200220-114436.436114,253,[2.2170916 1.785352 ],"[[ 0.09295222  0.71162677]
 [ 0.9839451   0.04136923]
 [ 0.15235484 -0.70133877]]","[[ 0.6825415  0.7308468]
 [ 0.7308468 -0.6825415]]"
20200220-114436.436114,254,[2.2161067 1.7894981],"[[ 0.09269571  0.7116046 ]
 [ 0.98408574  0.04101923]
 [ 0.15159974 -0.70138156]]","[[ 0.68273664  0.7306645 ]
 [ 0.7306645  -0.68273664]]"
20200220-114436.436114,255,[2.2175727 1.7930464],"[[ 0.08685395  0.71210515]
 [ 0.9837513   0.04899454]
 [ 0.15712953 -0.7003611 ]]","[[ 0.67755485  0.73547226]
 [ 0.73547226 -0.67755485]]"
20200220-114436.436114,256,[2.21655   1.7972382],"[[ 0.08699337  0.7120614 ]
 [ 0.98391944  0.04809913]
 [ 0.15599635 -0.7004678 ]]","[[ 0.67811155  0.73495907]
 [ 0.73495907 -0.67811155]]"
20200220-114436.436114,257,[2.2155278 1.8014457],"[[ 0.08713126  0.71201813]
 [ 0.98408353  0.04721698]
 [ 0.15487981 -0.70057166]]","[[ 0.678661   0.7344517]
 [ 0.7344517 -0.678661 ]]"
20200220-114436.436114,258,[2.2187808 1.8048611],"[[ 0.08777332  0.7120093 ]
 [ 0.9840475   0.04666761]
 [ 0.15474698 -0.7006177 ]]","[[ 0.6790233   0.73411673]
 [ 0.73411673 -0.6790233 ]]"
20200220-114436.436114,259,[2.2177386 1.8090857],"[[ 0.08789447  0.7119659 ]
 [ 0.9842097   0.04580474]
 [ 0.1536412  -0.7007184 ]]","[[ 0.6795618  0.7336182]
 [ 0.7336182 -0.6795618]]"
20200220-114436.436114,260,[2.2191982 1.8126297],"[[ 0.08157262  0.71246904]
 [ 0.98379934  0.05444604]
 [ 0.15963972 -0.6995881 ]]","[[ 0.67387366  0.73884666]
 [ 0.73884666 -0.67387366]]"
20200220-114436.436114,261,[2.2181323 1.8168912],"[[ 0.08175319  0.7124279 ]
 [ 0.9839705   0.05350903]
 [ 0.15848824 -0.6997023 ]]","[[ 0.67445976  0.7383117 ]
 [ 0.7383117  -0.67445976]]"
20200220-114436.436114,262,[2.226457  1.8210102],"[[ 0.08982006  0.71186125]
 [ 0.9843202   0.04315469]
 [ 0.1518094  -0.70099294]]","[[ 0.68130594  0.7319988 ]
 [ 0.7319988  -0.68130594]]"
20200220-114436.436114,263,[2.2278316 1.8245981],"[[ 0.08355659  0.7123822 ]
 [ 0.9839401   0.05170247]
 [ 0.15773511 -0.6998849 ]]","[[ 0.67568797  0.73718774]
 [ 0.73718774 -0.67568797]]"
20200220-114436.436114,264,[2.2368188 1.8281503],"[[ 0.07851353  0.7128374 ]
 [ 0.9833368   0.05960253]
 [ 0.16396424 -0.6987921 ]]","[[ 0.67051995  0.7418915 ]
 [ 0.7418915  -0.67051995]]"
20200220-114436.436114,265,[2.2382402 1.8316293],"[[ 0.07219169  0.71326053]
 [ 0.9828173   0.06818211]
 [ 0.16987753 -0.69757473]]","[[ 0.66479254  0.747028  ]
 [ 0.747028   -0.66479254]]"
20200220-114436.436114,266,[2.237047  1.8359222],"[[ 0.07242733  0.713221  ]
 [ 0.9830203   0.06711656]
 [ 0.16859761 -0.6977185 ]]","[[ 0.66546077  0.7464328 ]
 [ 0.7464328  -0.66546077]]"
20200220-114436.436114,267,[2.2385008 1.8393849],"[[ 0.06602421  0.7136016 ]
 [ 0.98242486  0.07580954]
 [ 0.17459169 -0.69643795]]","[[ 0.65960014  0.75161666]
 [ 0.75161666 -0.65960014]]"
20200220-114436.436114,268,[2.2399933 1.8428152],"[[ 0.0596486   0.71392745]
 [ 0.9817561   0.08445492]
 [ 0.18054613 -0.69510776]]","[[ 0.6537197  0.7567367]
 [ 0.7567367 -0.6537197]]"
20200220-114436.436114,269,[2.2415078 1.8462455],"[[ 0.05350029  0.7141974 ]
 [ 0.9810395   0.09278223]
 [ 0.18627682 -0.69376755]]","[[ 0.6480114  0.7616306]
 [ 0.7616306 -0.6480114]]"
20200220-114436.436114,270,[2.2430723 1.8496147],"[[ 0.04717851  0.71441805]
 [ 0.9802302   0.10133404]
 [ 0.19215325 -0.69234264]]","[[ 0.642094    0.76662594]
 [ 0.76662594 -0.642094  ]]"
20200220-114436.436114,271,[2.2446191 1.8529782],"[[ 0.04124328  0.7145835 ]
 [ 0.9794073   0.10933793]
 [ 0.19763729 -0.6909527 ]]","[[ 0.63651353  0.77126557]
 [ 0.77126557 -0.63651353]]"
20200220-114436.436114,272,[2.244621  1.8575526],"[[ 0.0489592   0.71441895]
 [ 0.98060405  0.09840763]
 [ 0.18978542 -0.69276345]]","[[ 0.6440466  0.7649862]
 [ 0.7649862 -0.6440466]]"
20200220-114436.436114,273,[2.247519  1.8610783],"[[ 0.04993457  0.71444184]
 [ 0.9806574   0.09734079]
 [ 0.18925539 -0.69289064]]","[[ 0.64478326  0.76436543]
 [ 0.76436543 -0.64478326]]"
20200220-114436.436114,274,[2.2461827 1.8655025],"[[ 0.05031443  0.7144215 ]
 [ 0.9809126   0.09606901]
 [ 0.1878272  -0.69308925]]","[[ 0.6455894   0.76368475]
 [ 0.76368475 -0.6455894 ]]"
20200220-114436.436114,275,[2.2476974 1.8689166],"[[ 0.04386911  0.7146306 ]
 [ 0.98005617  0.10478622]
 [ 0.19381821 -0.6916091 ]]","[[ 0.6395076  0.7687848]
 [ 0.7687848 -0.6395076]]"
20200220-114436.436114,276,[2.2463331 1.873383 ],"[[ 0.04427999  0.714618  ]
 [ 0.980322    0.10348168]
 [ 0.192375   -0.69181824]]","[[ 0.6403365   0.76809454]
 [ 0.76809454 -0.6403365 ]]"
20200220-114436.436114,277,[2.247876  1.8767823],"[[ 0.03772166  0.7147817 ]
 [ 0.9793798   0.11235416]
 [ 0.198475   -0.6902636 ]]","[[ 0.63408566  0.7732628 ]
 [ 0.7732628  -0.63408566]]"
20200220-114436.436114,278,[2.2477775 1.881429 ],"[[ 0.04586905  0.7146336 ]
 [ 0.9806708   0.10083336]
 [ 0.19021258 -0.69219327]]","[[ 0.6421126  0.7666104]
 [ 0.7666104 -0.6421126]]"
20200220-114436.436114,279,[2.2464442 1.885897 ],"[[ 0.04584754  0.7146237 ]
 [ 0.9808669   0.10013872]
 [ 0.1892038  -0.69230425]]","[[ 0.6425091  0.7662781]
 [ 0.7662781 -0.6425091]]"
20200220-114436.436114,280,[2.2451131 1.8903818],"[[ 0.0458104   0.7146152 ]
 [ 0.9810569   0.09947672]
 [ 0.18822551 -0.6924087 ]]","[[ 0.6428835   0.76596403]
 [ 0.76596403 -0.6428835 ]]"
20200220-114436.436114,281,[2.2437468 1.8949121],"[[ 0.04615819  0.71460307]
 [ 0.9812968   0.09828904]
 [ 0.18688598 -0.69259095]]","[[ 0.6436379  0.7653302]
 [ 0.7653302 -0.6436379]]"
20200220-114436.436114,282,[2.2452497 1.8995353],"[[ 0.06278327  0.7139624 ]
 [ 0.98325944  0.07550976]
 [ 0.17105347 -0.6961006 ]]","[[ 0.65944564  0.7517522 ]
 [ 0.7517522  -0.65944564]]"
20200220-114436.436114,283,[2.2466142 1.9030694],"[[ 0.0550769   0.7143467 ]
 [ 0.98243177  0.08600077]
 [ 0.17830977 -0.6944876 ]]","[[ 0.6521591  0.7580821]
 [ 0.7580821 -0.6521591]]"
20200220-114436.436114,284,[2.2452812 1.9075847],"[[ 0.0549182   0.71433604]
 [ 0.9825947   0.08551392]
 [ 0.1774588  -0.6945583 ]]","[[ 0.65242213  0.7578558 ]
 [ 0.7578558  -0.65242213]]"
20200220-114436.436114,285,[2.2439492 1.9121181],"[[ 0.05474463  0.71432704]
 [ 0.98275244  0.08505777]
 [ 0.17663702 -0.69462365]]","[[ 0.6526642  0.7576474]
 [ 0.7576474 -0.6526642]]"
20200220-114436.436114,286,[2.2440565 1.9166826],"[[ 0.06373346  0.7138976 ]
 [ 0.9838009   0.07237428]
 [ 0.16755342 -0.69650024]]","[[ 0.6614336   0.75000376]
 [ 0.75000376 -0.6614336 ]]"
20200220-114436.436114,287,[2.2427323 1.921232 ],"[[ 0.0634799   0.7138886 ]
 [ 0.98394156  0.07203805]
 [ 0.16682193 -0.6965442 ]]","[[ 0.66160303  0.74985427]
 [ 0.74985427 -0.66160303]]"
20200220-114436.436114,288,[2.242959  1.9257361],"[[ 0.07248124  0.7133308 ]
 [ 0.9848192   0.05933961]
 [ 0.15772593 -0.6983108 ]]","[[ 0.6703163   0.74207544]
 [ 0.74207544 -0.6703163 ]]"
20200220-114436.436114,289,[2.2441761 1.929439 ],"[[ 0.06405029  0.7138815 ]
 [ 0.9840861   0.07087526]
 [ 0.16574767 -0.69667065]]","[[ 0.6623459  0.7491982]
 [ 0.7491982 -0.6623459]]"
20200220-114436.436114,290,[2.2469318 1.9330586],"[[ 0.0647622   0.71388495]
 [ 0.9840829   0.07018688]
 [ 0.16548944 -0.69673675]]","[[ 0.6628197  0.748779 ]
 [ 0.748779  -0.6628197]]"
20200220-114436.436114,291,[2.2471106 1.9375633],"[[ 0.07422635  0.7132715 ]
 [ 0.9849794   0.05682132]
 [ 0.15590364 -0.69858074]]","[[ 0.6720092  0.7405427]
 [ 0.7405427 -0.6720092]]"
20200220-114436.436114,292,[2.2474086 1.9419919],"[[ 0.08353871  0.7125317 ]
 [ 0.9856838   0.04365966]
 [ 0.14645353 -0.7002801 ]]","[[ 0.6809673   0.73231375]
 [ 0.73231375 -0.6809673 ]]"
20200220-114436.436114,293,[2.248469  1.9458022],"[[ 0.07456911  0.7132559 ]
 [ 0.9850954   0.05594349]
 [ 0.15500441 -0.6986674 ]]","[[ 0.67256504  0.740038  ]
 [ 0.740038   -0.67256504]]"
20200220-114436.436114,294,[2.2470903 1.95042  ],"[[ 0.07417303  0.713251  ]
 [ 0.9852208   0.05579519]
 [ 0.15439644 -0.69868433]]","[[ 0.67261946  0.73998857]
 [ 0.73998857 -0.67261946]]"
20200220-114436.436114,295,[2.2456872 1.9550743],"[[ 0.07425201  0.7132188 ]
 [ 0.9853807   0.05499345]
 [ 0.1533347  -0.6987809 ]]","[[ 0.67313474  0.73951983]
 [ 0.73951983 -0.67313474]]"
20200220-114436.436114,296,[2.2459564 1.9595318],"[[ 0.08445001  0.71238804]
 [ 0.98611116  0.04059941]
 [ 0.1430136  -0.7006103 ]]","[[ 0.6829825  0.7304347]
 [ 0.7304347 -0.6829825]]"
20200220-114436.436114,297,[2.246979 1.963374],"[[ 0.07450938  0.7132077 ]
 [ 0.9854866   0.05423996]
 [ 0.1525267  -0.698851  ]]","[[ 0.67360836  0.73908854]
 [ 0.73908854 -0.67360836]]"
20200220-114436.436114,298,[2.247243  1.9678583],"[[ 0.08471474  0.7123622 ]
 [ 0.98620546  0.03984234]
 [ 0.14220494 -0.70068014]]","[[ 0.68347055  0.72997814]
 [ 0.72997814 -0.68347055]]"
20200220-114436.436114,299,[2.2458224 1.9725577],"[[ 0.08475196  0.7123237 ]
 [ 0.9863483   0.03910321]
 [ 0.1411897  -0.7007612 ]]","[[ 0.683954   0.7295252]
 [ 0.7295252 -0.683954 ]]"
20200220-114436.436114,300,[2.246197  1.9769608],"[[ 0.09531498  0.7112765 ]
 [ 0.98685706  0.02419201]
 [ 0.13049093 -0.70249563]]","[[ 0.69406945  0.71990794]
 [ 0.71990794 -0.69406945]]"
20200220-114436.436114,301,[2.247065  1.9809424],"[[ 0.08456299  0.71233314]
 [ 0.9864148   0.03898525]
 [ 0.14083695 -0.700758  ]]","[[ 0.6839994   0.72948253]
 [ 0.72948253 -0.6839994 ]]"
20200220-114436.436114,302,[2.2474089 1.9853344],"[[ 0.09516448  0.7112758 ]
 [ 0.9869259   0.02400795]
 [ 0.13008076 -0.7025028 ]]","[[ 0.69418246  0.71979904]
 [ 0.71979904 -0.69418246]]"
20200220-114436.436114,303,[2.248253  1.9893323],"[[ 0.08406737  0.71236855]
 [ 0.98646796  0.03927654]
 [ 0.14076102 -0.70070577]]","[[ 0.6837628  0.7297043]
 [ 0.7297043 -0.6837628]]"
20200220-114436.436114,304,[2.2485783 1.9937763],"[[ 0.09526911  0.7112482 ]
 [ 0.98700243  0.0234696 ]
 [ 0.12942106 -0.7025489 ]]","[[ 0.69453645  0.7194575 ]
 [ 0.7194575  -0.69453645]]"
20200220-114436.436114,305,[2.247113  1.9985521],"[[ 0.09529734  0.71120024]
 [ 0.98713124  0.02274391]
 [ 0.12841448 -0.70262146]]","[[ 0.6950234   0.71898717]
 [ 0.71898717 -0.6950234 ]]"
20200220-114436.436114,306,[2.247924  2.0025885],"[[ 0.08351842  0.7123716 ]
 [ 0.9866551   0.03896508]
 [ 0.13977212 -0.7007199 ]]","[[ 0.6839143   0.72956234]
 [ 0.72956234 -0.6839143 ]]"
20200220-114436.436114,307,[2.2482252 2.007067 ],"[[ 0.09538528  0.711174  ]
 [ 0.98720527  0.02223462]
 [ 0.12777877 -0.7026645 ]]","[[ 0.69536036  0.71866125]
 [ 0.71866125 -0.69536036]]"
20200220-114436.436114,308,[2.249006  2.0111485],"[[ 0.08349928  0.71236914]
 [ 0.986731    0.03860593]
 [ 0.13924667 -0.70074236]]","[[ 0.6841313   0.72935885]
 [ 0.72935885 -0.6841313 ]]"
20200220-114436.436114,309,[2.257125  2.0151155],"[[ 0.07279533  0.7133479 ]
 [ 0.985853    0.05432999]
 [ 0.15097979 -0.69870114]]","[[ 0.6732194  0.7394429]
 [ 0.7394429 -0.6732194]]"
20200220-114436.436114,310,[2.259604  2.0188506],"[[ 0.07341865  0.7133385 ]
 [ 0.9858419   0.05372581]
 [ 0.15074968 -0.6987572 ]]","[[ 0.67364115  0.73905855]
 [ 0.73905855 -0.67364115]]"
20200220-114436.436114,311,[2.2596796 2.0234377],"[[ 0.08590108  0.7122502 ]
 [ 0.9866828   0.0361219 ]
 [ 0.13812333 -0.70099556]]","[[ 0.6858669  0.727727 ]
 [ 0.727727  -0.6858669]]"
20200220-114436.436114,312,[2.2604818 2.0274365],"[[ 0.07365143  0.71332407]
 [ 0.9859607   0.05293077]
 [ 0.14985693 -0.69883287]]","[[ 0.6741548  0.7385901]
 [ 0.7385901 -0.6741548]]"
20200220-114436.436114,313,[2.2613976 2.031334 ],"[[ 0.06124905  0.71420515]
 [ 0.9849388   0.06991631]
 [ 0.16169131 -0.6964357 ]]","[[ 0.66211325  0.7494038 ]
 [ 0.7494038  -0.66211325]]"
20200220-114436.436114,314,[2.263813  2.0350926],"[[ 0.06176353  0.71421254]
 [ 0.98493004  0.06944925]
 [ 0.16154924 -0.6964749 ]]","[[ 0.6624373  0.7491174]
 [ 0.7491174 -0.6624373]]"
20200220-114436.436114,315,[2.2636962 2.0398357],"[[ 0.07494688  0.7132633 ]
 [ 0.98610437  0.05089131]
 [ 0.14826068 -0.69904625]]","[[ 0.67555    0.7373142]
 [ 0.7373142 -0.67555  ]]"
20200220-114436.436114,316,[2.2637322 2.0444465],"[[ 0.08844402  0.7120224 ]
 [ 0.98694396  0.03186035]
 [ 0.13460815 -0.70143366]]","[[ 0.6887998  0.7249516]
 [ 0.7249516 -0.6887998]]"
20200220-114436.436114,317,[2.2621121 2.049349 ],"[[ 0.08774981  0.7120405 ]
 [ 0.987056    0.03209096]
 [ 0.13424036 -0.7014047 ]]","[[ 0.6886148  0.7251274]
 [ 0.7251274 -0.6886148]]"
20200220-114436.436114,318,[2.2604897 2.0542748],"[[ 0.08703801  0.71206117]
 [ 0.98716456  0.03235552]
 [ 0.13390437 -0.70137143]]","[[ 0.6884053  0.7253263]
 [ 0.7253263 -0.6884053]]"
20200220-114436.436114,319,[2.2606785 2.0588057],"[[ 0.10140634  0.7104516 ]
 [ 0.9876582   0.01209527]
 [ 0.1193651  -0.7036421 ]]","[[ 0.7023408   0.71184087]
 [ 0.71184087 -0.7023408 ]]"
20200220-114436.436114,320,[2.259039  2.0637708],"[[ 0.10151911  0.71038216]
 [ 0.9877837   0.01121759]
 [ 0.11822471 -0.7037264 ]]","[[ 0.70294654  0.7112427 ]
 [ 0.7112427  -0.70294654]]"
20200220-114436.436114,321,[2.257402 2.068756],"[[ 0.10090828  0.7103952 ]
 [ 0.987895    0.01136148]
 [ 0.11781657 -0.70371115]]","[[ 0.702844    0.71134394]
 [ 0.71134394 -0.702844  ]]"
20200220-114436.436114,322,[2.2579496 2.0729988],"[[ 0.08480608  0.7121662 ]
 [ 0.9874244   0.03358105]
 [ 0.13341981 -0.7012073 ]]","[[ 0.6874657  0.7262168]
 [ 0.7262168 -0.6874657]]"
20200220-114436.436114,323,[2.2586663 2.0770876],"[[ 0.06830767  0.7136142 ]
 [ 0.9864259   0.05628935]
 [ 0.14932618 -0.6982741 ]]","[[ 0.67138135  0.7411121 ]
 [ 0.7411121  -0.67138135]]"
20200220-114436.436114,324,[2.2586133 2.0818303],"[[ 0.08427718  0.7122036 ]
 [ 0.9874873   0.03385839]
 [ 0.13329014 -0.70115596]]","[[ 0.6872456   0.72642523]
 [ 0.72642523 -0.6872456 ]]"
20200220-114436.436114,325,[2.256937  2.0868845],"[[ 0.08339581  0.71224344]
 [ 0.9875803   0.03438261]
 [ 0.13315496 -0.70108986]]","[[ 0.68684834  0.72680074]
 [ 0.72680074 -0.68684834]]"
20200220-114436.436114,326,[2.255243  2.0919738],"[[ 0.08334365  0.71220857]
 [ 0.98771095  0.0337593 ]
 [ 0.13221398 -0.7011553 ]]","[[ 0.68726903  0.72640294]
 [ 0.72640294 -0.68726903]]"
20200220-114436.436114,327,[2.2535603 2.0970764],"[[ 0.08239096  0.7122575 ]
 [ 0.9877964   0.03440055]
 [ 0.1321747  -0.7010749 ]]","[[ 0.6867878  0.726858 ]
 [ 0.726858  -0.6867878]]"
20200220-114436.436114,328,[2.251858  2.1022136],"[[ 0.08233479  0.7122247 ]
 [ 0.9879225   0.03380039]
 [ 0.13126266 -0.70113707]]","[[ 0.6871935   0.72647434]
 [ 0.72647434 -0.6871935 ]]"
20200220-114436.436114,329,[2.2501667 2.1073644],"[[ 0.08129242  0.71228397]
 [ 0.98799914  0.03458336]
 [ 0.13133597 -0.7010387 ]]","[[ 0.6866096  0.7270262]
 [ 0.7270262 -0.6866096]]"
20200220-114436.436114,330,[2.2508738 2.1115491],"[[ 0.05998963  0.71407366]
 [ 0.98656094  0.06397608]
 [ 0.15198258 -0.6971412 ]]","[[ 0.6654583   0.74643505]
 [ 0.74643505 -0.6654583 ]]"
20200220-114436.436114,331,[2.2531388 2.1154716],"[[ 0.06045684  0.7140815 ]
 [ 0.9865444   0.06358823]
 [ 0.15190572 -0.6971688 ]]","[[ 0.6657323  0.7461907]
 [ 0.7461907 -0.6657323]]"
20200220-114436.436114,332,[2.254071 2.119406],"[[ 0.03757039  0.71532345]
 [ 0.9840447   0.09503883]
 [ 0.17390925 -0.6923003 ]]","[[ 0.6423969  0.766372 ]
 [ 0.766372  -0.6423969]]"
20200220-114436.436114,333,[2.253622  2.1245954],"[[ 0.05998594  0.7141305 ]
 [ 0.9865962   0.06380573]
 [ 0.15175515 -0.6970986 ]]","[[ 0.66550756  0.74639106]
 [ 0.74639106 -0.66550756]]"
20200220-114436.436114,334,[2.2545307 2.128573 ],"[[ 0.03593281  0.7154261 ]
 [ 0.9839326   0.09686038]
 [ 0.17488661 -0.69194186]]","[[ 0.6409038   0.76762116]
 [ 0.76762116 -0.6409038 ]]"
20200220-114436.436114,335,[2.2557259 2.1322591],"[[ 0.01055971  0.71592647]
 [ 0.97992706  0.1315813 ]
 [ 0.19907701 -0.68566465]]","[[ 0.61419725  0.7891526 ]
 [ 0.7891526  -0.61419725]]"
20200220-114436.436114,336,[2.2619143 2.1378026],"[[ 0.03739634  0.7154572 ]
 [ 0.98398644  0.09539127]
 [ 0.17427674 -0.692114  ]]","[[ 0.6419986  0.7667059]
 [ 0.7667059 -0.6419986]]"
20200220-114436.436114,337,[2.2601182 2.143041 ],"[[ 0.03447834  0.7155554 ]
 [ 0.9837691   0.09870934]
 [ 0.17609563 -0.6915468 ]]","[[ 0.63938   0.768891]
 [ 0.768891 -0.63938 ]]"
20200220-114436.436114,338,[2.2582803 2.1483366],"[[ 0.03247529  0.7156236 ]
 [ 0.9836683   0.10076937]
 [ 0.17703623 -0.6911788 ]]","[[ 0.6377132  0.7702739]
 [ 0.7702739 -0.6377132]]"
20200220-114436.436114,339,[2.257741  2.1535892],"[[ 0.05870575  0.7142694 ]
 [ 0.9867612   0.06428024]
 [ 0.15118232 -0.69691277]]","[[ 0.6649821  0.7468594]
 [ 0.7468594 -0.6649821]]"
20200220-114436.436114,340,[2.2628624 2.1589234],"[[ 0.05961719  0.7142373 ]
 [ 0.98677355  0.06333101]
 [ 0.15074489 -0.69703275]]","[[ 0.6656829  0.7462348]
 [ 0.7462348 -0.6656829]]"
20200220-114436.436114,341,[2.263705 2.162908],"[[ 0.02887622  0.7158096 ]
 [ 0.98318946  0.1055533 ]
 [ 0.18028957 -0.69027174]]","[[ 0.633911    0.77340597]
 [ 0.77340597 -0.633911  ]]"
20200220-114436.436114,342,[2.26306   2.1682484],"[[ 0.05903736  0.71429324]
 [ 0.9868283   0.06363821]
 [ 0.15061402 -0.6969472 ]]","[[ 0.66539353  0.74649286]
 [ 0.74649286 -0.66539353]]"
20200220-114436.436114,343,[2.2611642 2.1736174],"[[ 0.05760387  0.71437216]
 [ 0.9868545   0.06491011]
 [ 0.15099752 -0.69674903]]","[[ 0.6643965   0.74738026]
 [ 0.74738026 -0.6643965 ]]"
20200220-114436.436114,344,[2.2620597 2.1775413],"[[ 0.01974553  0.7160722 ]
 [ 0.98208976  0.11690059]
 [ 0.18737581 -0.68816763]]","[[ 0.6248612  0.7807358]
 [ 0.7807358 -0.6248612]]"
20200220-114436.436114,345,[2.2602127 2.1828907],"[[ 0.01354143  0.7161664 ]
 [ 0.9812349   0.12472162]
 [ 0.19234008 -0.6866951 ]]","[[ 0.6186019  0.7857045]
 [ 0.7857045 -0.6186019]]"
20200220-114436.436114,346,[2.262269  2.1869023],"[[ 0.01251376  0.7162231 ]
 [ 0.98099256  0.12634265]
 [ 0.1936416  -0.6863396 ]]","[[ 0.6172876   0.78673756]
 [ 0.78673756 -0.6172876 ]]"
20200220-114436.436114,347,[2.261467  2.1924477],"[[ 0.05164382  0.7148006 ]
 [ 0.98649514  0.07218006]
 [ 0.15543613 -0.69559354]]","[[ 0.65881157  0.752308  ]
 [ 0.752308   -0.65881157]]"
20200220-114436.436114,348,[2.2634914 2.1964679],"[[ 0.05096912  0.7148789 ]
 [ 0.98637736  0.07332277]
 [ 0.15640193 -0.6953931 ]]","[[ 0.65793526  0.75307447]
 [ 0.75307447 -0.65793526]]"
20200220-114436.436114,349,[2.2631497 2.201561 ],"[[ 0.09785122  0.7103083 ]
 [ 0.9891057   0.00798926]
 [ 0.10997701 -0.70384526]]","[[ 0.70549023  0.7087196 ]
 [ 0.7087196  -0.70549023]]"
20200220-114436.436114,350,[2.2611864 2.2070403],"[[ 0.0994958  -0.71002924]
 [ 0.9892343  -0.00497296]
 [ 0.10731217  0.70415455]]","[[ 0.7076315 -0.7065816]
 [ 0.7065816  0.7076315]]"
20200220-114436.436114,351,[2.2615244 2.2114906],"[[ 0.16104755 -0.6989707 ]
 [ 0.9859121   0.08162147]
 [ 0.04517508  0.710477  ]]","[[ 0.76607186 -0.64275485]
 [ 0.64275485  0.76607186]]"
20200220-114436.436114,352,[2.262708  2.2151167],"[[ 0.22877686 -0.6801491 ]
 [ 0.9731598   0.17810363]
 [-0.02492028  0.71110916]]","[[ 0.82492995 -0.5652349 ]
 [ 0.5652349   0.82492995]]"
20200220-114436.436114,353,[2.264836 2.217818],"[[ 0.29774892 -0.6532396 ]
 [ 0.94956434  0.2777861 ]
 [-0.0983519   0.7043527 ]]","[[ 0.878465   -0.47780672]
 [ 0.47780672  0.878465  ]]"
20200220-114436.436114,354,[2.2679143 2.2195885],"[[ 0.3620304  -0.6202702 ]
 [ 0.9167365   0.3721677 ]
 [-0.1689026   0.69047517]]","[[ 0.921791   -0.38768712]
 [ 0.38768712  0.921791  ]]"
20200220-114436.436114,355,[2.266992  2.2240772],"[[ 0.39720333 -0.5982504 ]
 [ 0.89350855  0.425169  ]
 [-0.20945613  0.679211  ]]","[[ 0.9428989  -0.33307886]
 [ 0.33307886  0.9428989 ]]"
20200220-114436.436114,356,[2.2715588 2.2243702],"[[ 0.45388246 -0.5568656 ]
 [ 0.84758204  0.51069427]
 [-0.27494627  0.65505123]]","[[ 0.97075784 -0.24006087]
 [ 0.24006087  0.97075784]]"
20200220-114436.436114,357,[2.268621  2.2320414],"[[ 0.4517148  -0.55809563]
 [ 0.84931433  0.5078791 ]
 [-0.27316523  0.6561923 ]]","[[ 0.9702275  -0.24219584]
 [ 0.24219584  0.9702275 ]]"
20200220-114436.436114,358,[2.2658381 2.2396035],"[[ 0.45062733 -0.5584694 ]
 [ 0.85006416  0.50669235]
 [-0.27262762  0.65679115]]","[[ 0.9701521  -0.24249755]
 [ 0.24249755  0.9701521 ]]"
20200220-114436.436114,359,[2.270676  2.2451727],"[[ 0.45766917 -0.5527164 ]
 [ 0.84369     0.517156  ]
 [-0.2805813   0.65349364]]","[[ 0.97309077 -0.23042193]
 [ 0.23042193  0.97309077]]"
20200220-114436.436114,360,[2.2679286 2.252693 ],"[[ 0.46274224 -0.54797006]
 [ 0.8386264   0.5253992 ]
 [-0.28735864  0.65091026]]","[[ 0.9755368  -0.21983594]
 [ 0.21983594  0.9755368 ]]"
20200220-114436.436114,361,[2.2690327 2.2551818],"[[ 0.5903462  -0.40718317]
 [ 0.6707668   0.72775286]
 [-0.4489578   0.5518856 ]]","[[ 0.9989961   0.04479805]
 [-0.04479805  0.9989961 ]]"
20200220-114436.436114,362,[2.2676685 2.2625275],"[[-0.6025996   0.387545  ]
 [ 0.41271946  0.8995303 ]
 [ 0.68303466 -0.2016283 ]]","[[-0.34199658  0.93970114]
 [ 0.93970114  0.34199658]]"
20200220-114436.436114,363,[2.2751129 2.259896 ],"[[-0.5774189   0.42351288]
 [ 0.46718514  0.87253046]
 [ 0.6695711  -0.24357222]]","[[-0.28265148  0.9592226 ]
 [ 0.9592226   0.28265148]]"
20200220-114436.436114,364,[2.2824814 2.2573826],"[[-0.57396066  0.42758688]
 [ 0.47380298  0.8689995 ]
 [ 0.6678922  -0.24901694]]","[[-0.27439263  0.96161777]
 [ 0.96161777  0.27439263]]"
20200220-114436.436114,365,[2.287713  2.2624946],"[[-0.5847208   0.41285184]
 [ 0.45127818  0.8808663 ]
 [ 0.6741288  -0.23157676]]","[[-0.29908746  0.9542257 ]
 [ 0.9542257   0.29908746]]"
20200220-114436.436114,366,[2.2931428 2.2673802],"[[-0.5932592   0.4005565 ]
 [ 0.43254313  0.8901773 ]
 [ 0.67893314 -0.21711463]]","[[-0.31919658  0.9476885 ]
 [ 0.9476885   0.31919658]]"
20200220-114436.436114,367,[2.3005319 2.264784 ],"[[-0.5865278   0.40970668]
 [ 0.4467739   0.8831705 ]
 [ 0.6755577  -0.22836399]]","[[-0.30299515  0.9529921 ]
 [ 0.9529921   0.30299515]]"
20200220-114436.436114,368,[2.3058772 2.2697332],"[[-0.59379727  0.3991856 ]
 [ 0.43070906  0.891078  ]
 [ 0.679628   -0.21594177]]","[[-0.3202251   0.94734144]
 [ 0.94734144  0.3202251 ]]"
20200220-114436.436114,369,[2.3170059 2.2646005],"[[-0.55698675  0.4480252 ]
 [ 0.50488037  0.8512242 ]
 [ 0.65944034 -0.2732958 ]]","[[-0.23653457  0.97162306]
 [ 0.97162306  0.23653457]]"
20200220-114436.436114,370,[2.3202908 2.264853 ],"[[-0.58747447  0.40722513]
 [ 0.44376066  0.88475597]
 [ 0.6767202  -0.22666039]]","[[-0.3044622  0.9525245]
 [ 0.9525245  0.3044622]]"
20200220-114436.436114,371,[2.3237634 2.2672207],"[[-0.5957004   0.39518106]
 [ 0.42548877  0.89366263]
 [ 0.6812493  -0.21260048]]","[[-0.32399547  0.94605863]
 [ 0.94605863  0.32399547]]"
20200220-114436.436114,372,[2.3243525 2.2712293],"[[-0.6316825   0.3354721 ]
 [ 0.3369173   0.9307281 ]
 [ 0.6981864  -0.14561523]]","[[-0.41514185  0.90975666]
 [ 0.90975666  0.41514185]]"
20200220-114436.436114,373,[2.3281217 2.2732859],"[[-0.6375221   0.3243239 ]
 [ 0.32036206  0.93653375]
 [ 0.70066655 -0.13311079]]","[[-0.431225    0.90224445]
 [ 0.90224445  0.431225  ]]"
20200220-114436.436114,374,[2.3352952 2.2708952],"[[-0.6287964   0.3401668 ]
 [ 0.34414178  0.9281113 ]
 [ 0.6972671  -0.15131387]]","[[-0.4071874  0.9133447]
 [ 0.9133447  0.4071874]]"
20200220-114436.436114,375,[2.3339448 2.2778072],"[[-0.67135936  0.24798521]
 [ 0.2094576   0.96742857]
 [ 0.71091783 -0.05084699]]","[[-0.53401977  0.84547204]
 [ 0.84547204  0.53401977]]"
20200220-114436.436114,376,[2.3371916 2.2791674],"[[-0.6925257   0.18208683]
 [ 0.11556461  0.98312604]
 [ 0.7120764   0.01753351]]","[[-0.61361885  0.7896024 ]
 [ 0.7896024   0.61361885]]"
20200220-114436.436114,377,[2.3430212 2.2835414],"[[-0.6938695   0.17707649]
 [ 0.10827824  0.9839297 ]
 [ 0.71191347  0.02293777]]","[[-0.6194795  0.7850128]
 [ 0.7850128  0.6194795]]"
20200220-114436.436114,378,[2.349236 2.282041],"[[-0.6826825   0.2149376 ]
 [ 0.16255873  0.9764824 ]
 [ 0.7124037  -0.01684684]]","[[-0.57426184  0.8186717 ]
 [ 0.8186717   0.57426184]]"
20200220-114436.436114,379,[2.3557656 2.280269 ],"[[-0.67292523  0.24268314]
 [ 0.2027604   0.9689847 ]
 [ 0.71137875 -0.04661942]]","[[-0.5391239  0.8422265]
 [ 0.8422265  0.5391239]]"
20200220-114436.436114,380,[2.3589487 2.28166  ],"[[-0.6893606   0.19247848]
 [ 0.13124591  0.9812859 ]
 [ 0.7124299   0.00547022]]","[[-0.6002358   0.79982305]
 [ 0.79982305  0.6002358 ]]"
20200220-114436.436114,381,[2.3647425 2.2794654],"[[-0.6924586   0.18080068]
 [ 0.11548981  0.9833844 ]
 [ 0.7121541   0.01632535]]","[[-0.6130261  0.7900627]
 [ 0.7900627  0.6130261]]"
20200220-114436.436114,382,[2.370559  2.2772686],"[[-0.69527054  0.16953671]
 [ 0.10034859  0.98516154]
 [ 0.7117084   0.02671653]]","[[-0.6251646  0.7804929]
 [ 0.7804929  0.6251646]]"
20200220-114436.436114,383,[2.3764875 2.274993 ],"[[-0.6971594   0.16135815]
 [ 0.08959299  0.986313  ]
 [ 0.71129596  0.03391778]]","[[-0.63367605  0.77359855]
 [ 0.77359855  0.63367605]]"
20200220-114436.436114,384,[2.382579 2.273665],"[[-0.69070005  0.1855647 ]
 [ 0.12426159  0.98259515]
 [ 0.71238536  0.00852188]]","[[-0.60526377  0.79602504]
 [ 0.79602504  0.60526377]]"
20200220-114436.436114,385,[2.3884254 2.2714984],"[[-0.6933137   0.17547283]
 [ 0.11073822  0.98432386]
 [ 0.7120768   0.01777256]]","[[-0.6162232   0.78757155]
 [ 0.78757155  0.6162232 ]]"
20200220-114436.436114,386,[2.3926265 2.2719672],"[[-0.70102954  0.14349979]
 [ 0.06588081  0.988388  ]
 [ 0.7100826   0.04996854]]","[[-0.6521904   0.75805515]
 [ 0.75805515  0.6521904 ]]"
20200220-114436.436114,387,[2.3986092 2.2708068],"[[-0.6958085   0.16527191]
 [ 0.09695938  0.98587084]
 [ 0.71165276  0.02727216]]","[[-0.6272367  0.7788287]
 [ 0.7788287  0.6272367]]"
20200220-114436.436114,388,[2.4046528 2.2685003],"[[-0.6972939   0.15869766]
 [ 0.08845675  0.98678035]
 [ 0.7113062   0.03285718]]","[[-0.63396937  0.7733582 ]
 [ 0.7733582   0.63396937]]"
20200220-114436.436114,389,[2.4089298 2.270033 ],"[[-0.69776523  0.15675285]
 [ 0.08557686  0.98701656]
 [ 0.7111963   0.03502679]]","[[-0.63623273  0.7714972 ]
 [ 0.7714972   0.63623273]]"
20200220-114436.436114,390,[2.4132051 2.271553 ],"[[-0.6982588   0.15470093]
 [ 0.08255392  0.9872571 ]
 [ 0.7110692   0.03729513]]","[[-0.6386046   0.76953506]
 [ 0.76953506  0.6386046 ]]"
20200220-114436.436114,391,[2.4177396 2.2717023],"[[-0.70396495  0.12843978]
 [ 0.04593208  0.9896865 ]
 [ 0.708748    0.06343421]]","[[-0.66744673  0.7446575 ]
 [ 0.7446575   0.66744673]]"
20200220-114436.436114,392,[2.4227011 2.2714539],"[[-0.70837855  0.10400379]
 [ 0.0120897   0.9907273 ]
 [ 0.70572907  0.08742228]]","[[-0.69323987  0.72070694]
 [ 0.72070694  0.69323987]]"
20200220-114436.436114,393,[2.4289842 2.2689497],"[[-0.7085194   0.10257208]
 [ 0.01088718  0.99085134]
 [ 0.7056073   0.08770704]]","[[-0.6941135   0.71986556]
 [ 0.71986556  0.6941135 ]]"
20200220-114436.436114,394,[2.43436   2.2748187],"[[ 0.7116206   0.08224893]
 [ 0.01801085  0.9906616 ]
 [-0.7023331   0.10874134]]","[[ 0.71549237  0.69862056]
 [-0.69862056  0.71549237]]"
20200220-114436.436114,395,[2.4400148 2.2739089],"[[ 0.71404994  0.06190127]
 [ 0.04581308  0.98981696]
 [-0.69859433  0.12818187]]","[[ 0.73549074  0.6775348 ]
 [-0.6775348   0.73549074]]"
20200220-114436.436114,396,[2.4450207 2.2736619],"[[ 0.71149707  0.0826976 ]
 [ 0.0166744   0.99078417]
 [-0.70249116  0.10727507]]","[[ 0.71452284  0.69961214]
 [-0.69961214  0.71452284]]"
20200220-114436.436114,397,[2.4513817 2.2710996],"[[ 0.7114032   0.08281785]
 [ 0.01570255  0.99091125]
 [-0.7026087   0.1060003 ]]","[[ 0.7138194   0.70032984]
 [-0.70032984  0.7138194 ]]"
20200220-114436.436114,398,[2.4577768 2.2685313],"[[ 0.7113176   0.08287746]
 [ 0.01482359  0.99103415]
 [-0.7027143   0.10479772]]","[[ 0.7131813   0.70097953]
 [-0.70097953  0.7131813 ]]"
20200220-114436.436114,399,[2.463431  2.2676568],"[[ 0.7134279   0.06615075]
 [ 0.03764126  0.9904789 ]
 [-0.6997169   0.12072971]]","[[ 0.72977966  0.6836824 ]
 [-0.6836824   0.72977966]]"
